v1,v2,cible
32,57,121
46,71,163
19,58,96
77,98,252
100,24,148
19,77,115
96,57,210
76,26,128
55,19,93
12,98,122
70,95,235
38,65,141
7,29,43
37,5,47
17,90,124
91,58,207
65,63,191
26,14,54
66,65,196
30,37,97
63,77,203
65,77,207
38,96,172
51,77,179
64,1,66
45,28,101
18,61,97
83,92,258
22,97,141
43,35,113
1,70,72
80,20,120
25,58,108
8,66,82
92,59,210
16,64,96
71,21,113
29,91,149
73,18,109
87,76,239
0,32,32
67,43,153
88,46,180
94,78,250
7,94,108
9,85,103
17,63,97
27,15,57
15,5,25
35,9,53
35,98,168
44,40,124
77,67,211
70,0,70
64,9,82
83,62,207
87,64,215
19,18,55
5,92,102
11,74,96
99,55,209
19,14,47
35,67,137
37,27,91
75,37,149
80,88,248
14,98,126
29,19,67
54,13,80
20,84,124
13,37,63
20,87,127
95,38,171
66,52,170
73,30,133
55,39,133
85,88,258
44,85,173
74,40,154
25,12,49
38,1,40
100,49,198
53,48,149
75,59,193
64,48,160
89,60,209
40,84,164
24,38,86
19,14,47
25,65,115
30,39,99
92,17,126
3,88,94
64,43,150
54,68,176
47,8,63
24,81,129
62,96,220
56,18,92
85,22,129
67,35,137
80,97,257
36,1,38
28,57,113
2,42,46
6,60,72
77,29,135
64,39,142
14,11,36
100,87,274
41,62,144
88,24,136
14,6,26
64,50,164
70,39,148
16,6,28
61,72,194
50,38,126
27,67,121
69,36,141
0,18,18
20,96,136
15,50,80
92,34,160
54,70,178
4,16,24
77,69,215
3,75,81
95,17,129
89,70,229
44,6,56
72,41,154
37,9,55
83,66,215
59,85,203
56,84,196
14,69,97
63,90,216
59,17,93
25,37,87
65,74,204
42,32,106
16,67,99
30,73,133
74,41,156
56,67,179
98,27,152
0,27,27
98,64,226
3,73,79
39,35,109
71,36,143
60,93,213
45,38,121
16,6,28
10,74,94
82,71,224
14,49,77
37,60,134
87,21,129
89,15,119
45,46,136
74,86,234
94,31,156
83,98,264
83,42,167
15,37,67
69,37,143
92,33,158
90,20,130
46,93,185
33,69,135
19,77,115
77,34,145
87,68,223
93,71,235
67,11,89
46,20,86
34,53,121
72,74,218
0,94,94
33,35,101
41,46,128
19,52,90
46,36,118
78,23,124
57,92,206
79,32,143
81,44,169
79,49,177
52,67,171
28,1,30
49,89,187
80,37,154
17,89,123
90,73,236
61,63,185
6,58,70
100,77,254
4,66,74
62,74,198
27,32,86
8,13,29
10,11,31
36,76,148
18,85,121
20,54,94
77,16,109
5,18,28
12,18,42
87,13,113
27,67,121
83,13,109
55,63,173
70,22,114
33,47,113
95,88,271
54,92,200
22,82,126
15,78,108
96,41,178
89,45,179
85,83,251
95,50,195
74,74,222
44,81,169
22,71,115
82,64,210
3,12,18
39,62,140
32,67,131
10,18,38
40,67,147
30,31,91
65,41,147
49,12,73
48,56,152
38,76,152
37,83,157
82,20,122
61,25,111
52,99,203
5,67,77
0,23,23
27,50,104
88,18,124
18,94,130
51,68,170
6,6,18
33,76,142
73,23,119
42,71,155
19,18,55
59,49,157
93,89,271
31,39,101
27,62,116
50,81,181
99,33,165
82,67,216
80,38,156
60,72,192
17,86,120
18,30,66
14,41,69
17,77,111
12,62,86
72,35,142
40,97,177
88,93,269
75,36,147
25,52,102
81,53,187
93,29,151
63,25,113
22,1,24
61,88,210
62,44,150
37,28,93
42,82,166
33,51,117
71,29,129
54,45,144
63,47,157
33,3,39
68,4,76
47,69,163
69,53,175
39,48,126
32,3,38
2,85,89
92,24,140
13,73,99
7,54,68
33,59,125
29,98,156
83,16,115
14,82,110
12,81,105
53,35,123
69,70,208
24,21,66
43,30,103
65,13,91
74,29,132
93,6,105
8,3,14
61,70,192
85,75,235
43,69,155
30,29,88
79,89,247
35,8,51
0,57,57
97,23,143
25,84,134
15,88,118
64,93,221
96,17,130
11,61,83
61,85,207
87,36,159
4,50,58
87,95,269
34,94,162
9,100,118
68,77,213
35,78,148
87,28,143
61,70,192
68,57,182
62,27,116
84,27,138
24,20,64
75,79,229
93,73,239
42,65,149
62,36,134
53,62,168
20,13,46
37,61,135
58,8,74
12,46,70
34,80,148
24,19,62
88,26,140
5,37,47
12,62,86
72,67,206
53,98,204
25,70,120
60,12,84
56,19,94
12,68,92
95,42,179
0,74,74
40,11,62
62,17,96
57,78,192
61,85,207
33,19,71
99,82,263
0,87,87
37,76,150
3,75,81
22,49,93
36,93,165
46,20,86
84,92,260
53,83,189
17,43,77
6,80,92
3,20,26
28,29,85
89,53,195
33,93,159
99,96,291
67,12,91
78,18,114
31,25,81
92,55,202
52,69,173
86,25,136
60,49,158
68,57,182
5,94,104
98,30,158
64,51,166
98,69,236
34,24,82
76,11,98
63,3,69
78,48,174
28,84,140
4,46,54
42,10,62
81,9,99
71,56,183
53,30,113
59,16,91
40,19,78
30,33,93
28,97,153
40,0,40
61,73,195
91,96,278
25,80,130
38,62,138
39,61,139
71,31,133
48,91,187
47,52,146
61,49,159
68,61,190
97,95,287
96,95,286
24,84,132
14,83,111
92,56,204
32,50,114
29,11,51
71,60,191
57,12,81
23,66,112
30,25,80
84,99,267
74,33,140
27,70,124
68,45,158
69,18,105
38,7,52
42,67,151
14,88,116
4,26,34
83,94,260
70,60,190
78,17,112
71,47,165
48,74,170
81,52,185
57,47,151
27,31,85
81,4,89
17,65,99
32,12,56
94,86,266
49,7,63
24,79,127
96,12,120
19,0,19
80,51,182
14,0,14
21,31,73
17,57,91
65,42,149
34,19,72
17,47,81
68,22,112
11,23,45
34,34,102
31,36,98
35,85,155
4,100,108
29,53,111
40,78,158
91,6,103
65,9,83
6,97,109
69,11,91
25,1,27
62,78,202
29,59,117
45,58,148
98,44,186
0,28,28
20,23,63
62,33,128
68,37,142
39,7,53
95,74,243
11,24,46
3,55,61
89,40,169
12,61,85
65,59,183
98,74,246
66,45,156
2,21,25
11,77,99
48,5,58
0,61,61
72,80,224
26,86,138
88,36,160
42,0,42
35,58,128
45,45,135
29,99,157
57,52,161
15,55,85
81,85,247
68,45,158
33,8,49
8,61,77
40,12,64
59,59,177
7,24,38
70,9,88
58,21,100
99,17,133
85,12,109
20,42,82
36,33,102
11,5,21
57,71,185
2,7,11
45,90,180
59,48,155
52,45,142
24,84,132
6,93,105
74,60,194
34,34,102
75,66,207
1,14,16
100,66,232
83,44,171
51,46,143
39,15,69
90,13,116
7,90,104
3,1,5
98,98,294
53,20,93
58,24,106
13,67,93
54,58,166
95,89,273
18,97,133
52,79,183
99,14,127
1,19,21
0,92,92
89,52,193
36,70,142
45,26,97
16,72,104
58,41,140
35,59,129
2,77,81
25,14,53
3,55,61
28,92,148
21,17,55
69,44,157
26,44,96
24,89,137
26,69,121
87,15,117
58,3,64
58,63,179
2,69,73
26,71,123
95,31,157
42,11,64
92,100,284
64,82,210
14,89,117
93,99,285
89,66,221
98,20,138
100,25,150
36,62,134
32,35,99
7,8,22
53,43,139
70,34,138
0,32,32
66,97,229
43,26,95
39,14,67
6,24,36
6,21,33
40,84,164
98,84,266
59,52,163
4,36,44
35,16,67
66,5,76
51,1,53
62,80,204
100,39,178
6,99,111
91,18,127
31,30,91
62,32,126
30,96,156
86,86,258
60,16,92
84,70,224
65,21,107
38,88,164
21,66,108
75,46,167
96,80,256
19,88,126
54,84,192
48,89,185
42,0,42
11,53,75
67,95,229
59,78,196
91,48,187
79,84,242
74,83,231
4,47,55
55,47,149
82,63,208
85,85,255
8,39,55
9,39,57
24,84,132
5,83,93
49,39,127
47,25,97
50,18,86
34,93,161
28,5,38
22,43,87
90,76,242
20,57,97
56,74,186
20,81,121
95,26,147
20,13,46
58,97,213
62,85,209
75,55,185
74,85,233
6,84,96
8,12,28
11,51,73
67,46,159
84,22,128
21,81,123
93,32,157
82,63,208
71,99,241
75,4,83
89,74,237
64,2,68
76,61,198
54,8,70
57,47,151
32,68,132
66,83,215
97,73,243
54,38,130
34,98,166
43,50,136
34,66,134
31,7,45
87,54,195
69,31,131
43,36,115
61,66,188
92,27,146
20,32,72
29,28,85
76,20,116
61,5,71
24,19,62
79,73,225
86,75,236
51,79,181
2,65,69
77,47,171
58,47,152
84,71,226
44,81,169
36,95,167
32,31,94
24,48,96
83,4,91
73,38,149
83,18,119
0,18,18
40,51,131
65,14,93
27,82,136
15,82,112
65,65,195
29,59,117
56,73,185
0,72,72
40,12,64
68,55,178
12,55,79
34,22,78
23,50,96
2,89,93
62,43,148
41,43,125
25,24,73
74,93,241
50,22,94
42,18,78
62,32,126
64,24,112
40,76,156
40,48,128
77,23,123
27,35,89
85,26,137
60,84,204
97,30,157
96,46,188
64,86,214
59,94,212
7,90,104
64,42,148
99,11,121
99,26,151
60,17,94
15,12,39
64,50,164
57,41,139
59,53,165
30,35,95
84,29,142
35,91,161
44,82,170
68,49,166
64,64,192
0,60,60
78,17,112
44,96,184
25,89,139
35,59,129
22,27,71
19,40,78
12,0,12
50,48,146
8,1,10
28,8,44
66,39,144
75,96,246
82,29,140
92,16,124
3,94,100
24,55,103
6,1,8
100,68,236
19,55,93
51,20,91
63,62,187
59,93,211
35,97,167
53,31,115
9,14,32
29,88,146
1,84,86
21,41,83
56,80,192
41,7,55
55,90,200
67,74,208
40,38,116
10,47,67
65,70,200
88,24,136
57,86,200
40,17,74
62,27,116
83,76,235
73,56,185
66,39,144
62,12,86
46,41,128
92,4,100
64,76,204
3,100,106
11,19,41
39,27,93
99,17,133
6,77,89
55,23,101
98,90,278
57,0,57
90,36,162
88,53,194
53,96,202
24,44,92
90,38,166
3,53,59
74,33,140
53,40,133
89,78,245
96,4,104
28,48,104
32,47,111
6,63,75
63,62,187
55,15,85
69,59,187
24,31,79
20,10,40
49,33,115
14,0,14
71,11,93
83,48,179
24,46,94
12,15,39
57,15,87
21,5,31
53,86,192
52,50,152
75,37,149
69,11,91
47,68,162
8,43,59
91,100,282
67,81,215
60,0,60
91,24,139
19,0,19
75,63,201
83,69,221
53,91,197
42,47,131
99,47,193
48,72,168
30,75,135
57,20,97
41,51,133
7,32,46
37,19,75
1,65,67
77,99,253
18,23,59
65,40,145
33,79,145
68,13,94
1,100,102
52,10,72
60,80,200
59,28,115
81,40,161
83,66,215
96,45,186
9,95,113
31,36,98
31,36,98
54,58,166
51,69,171
13,73,99
25,28,78
60,45,150
99,64,227
64,12,88
7,55,69
100,4,108
42,73,157
42,60,144
75,26,127
23,35,81
16,9,34
23,23,69
75,99,249
54,53,160
23,33,79
2,46,50
81,37,155
66,83,215
28,53,109
72,53,178
56,35,126
52,53,157
43,100,186
71,55,181
83,76,235
14,1,16
34,8,50
24,66,114
54,28,110
40,87,167
38,98,174
61,51,163
16,15,46
87,58,203
99,15,129
82,13,108
88,85,258
10,75,95
36,81,153
3,34,40
23,84,130
13,77,103
15,60,90
34,61,129
99,98,295
31,82,144
19,55,93
67,39,145
75,77,227
76,18,112
64,16,96
36,26,88
57,95,209
42,0,42
100,79,258
48,42,132
27,28,82
55,36,127
37,81,155
48,34,116
81,84,246
75,13,101
70,35,140
58,75,191
7,49,63
74,36,146
60,21,102
86,86,258
18,87,123
28,80,136
40,49,129
15,9,33
56,65,177
89,59,207
83,47,177
94,84,262
35,65,135
13,81,107
62,15,92
11,36,58
58,56,170
72,7,86
40,52,132
76,40,156
36,88,160
38,43,119
89,14,117
22,73,117
24,24,72
95,37,169
47,81,175
8,6,20
98,96,290
28,94,150
93,30,153
44,68,156
49,92,190
58,79,195
34,27,88
77,15,107
12,48,72
13,79,105
33,40,106
5,87,97
68,76,212
78,62,202
85,22,129
27,96,150
34,35,103
61,25,111
28,100,156
56,28,112
31,80,142
69,50,169
93,5,103
23,85,131
84,93,261
51,57,159
18,48,84
3,71,77
18,99,135
13,96,122
10,58,78
0,24,24
93,14,121
48,49,145
49,31,111
3,90,96
6,2,10
14,73,101
95,42,179
4,54,62
76,48,172
59,4,67
80,30,140
68,87,223
19,80,118
43,11,65
76,80,232
90,59,208
3,57,63
68,71,207
11,3,17
12,94,118
76,80,232
12,3,18
36,6,48
71,77,219
32,76,140
10,34,54
54,73,181
26,41,93
54,51,156
50,57,157
69,81,219
2,33,37
41,9,59
94,56,206
19,25,63
20,32,72
30,47,107
64,100,228
54,92,200
46,5,56
22,2,26
42,83,167
14,2,18
43,33,109
78,95,251
84,56,196
86,51,188
62,15,92
3,17,23
1,73,75
41,38,117
24,15,54
70,92,232
99,55,209
60,78,198
98,11,120
63,66,192
19,74,112
84,54,192
10,49,69
98,8,114
8,56,72
95,96,286
23,66,112
13,87,113
49,34,117
33,71,137
93,62,217
54,9,72
72,0,72
73,56,185
78,7,92
24,24,72
0,20,20
14,24,52
87,34,155
86,85,256
86,62,210
37,33,103
18,61,97
71,85,227
2,65,69
77,60,197
53,86,192
95,97,287
19,50,88
44,72,160
56,2,60
0,76,76
47,89,183
72,7,86
77,59,195
46,76,168
58,40,138
18,43,79
18,74,110
36,62,134
41,20,81
94,26,146
35,60,130
75,57,189
38,7,52
93,68,229
83,67,217
85,15,115
98,5,108
45,24,93
93,14,121
14,6,26
100,5,110
79,97,255
54,81,189
57,82,196
75,36,147
74,24,122
99,14,127
69,11,91
60,51,162
46,35,116
19,15,49
27,26,79
44,47,135
77,97,251
85,4,93
4,43,51
59,58,175
44,100,188
21,65,107
24,98,146
71,2,75
3,32,38
79,85,243
100,96,292
11,87,109
59,40,139
0,53,53
0,84,84
84,49,182
80,17,114
87,10,107
57,11,79
48,86,182
25,92,142
21,78,120
7,15,29
99,25,149
24,97,145
45,15,75
64,13,90
67,6,79
63,24,111
51,91,193
93,21,135
42,63,147
62,30,122
33,75,141
77,26,129
46,1,48
99,82,263
70,25,120
91,26,143
44,49,137
9,81,99
54,26,106
83,24,131
95,51,197
4,77,85
14,24,52
19,13,45
18,100,136
91,3,97
30,26,82
28,83,139
54,31,116
38,48,124
13,22,48
14,97,125
44,74,162
81,93,255
17,93,127
61,15,91
93,2,97
69,86,224
64,95,223
18,17,52
91,51,193
87,82,251
17,64,98
22,21,64
1,44,46
95,70,235
25,64,114
22,100,144
59,56,171
40,57,137
44,55,143
48,38,124
11,27,49
30,52,112
25,67,117
86,98,270
71,100,242
25,39,89
27,42,96
69,52,173
61,33,127
14,25,53
56,98,210
77,23,123
30,11,52
40,4,48
52,82,186
21,4,29
78,79,235
62,60,182
47,29,105
57,84,198
43,41,125
3,63,69
39,47,125
4,92,100
91,68,227
94,24,142
82,87,251
82,35,152
80,95,255
39,60,138
16,90,122
49,32,113
28,45,101
29,71,129
18,4,26
10,64,84
62,25,112
9,83,101
52,16,84
4,17,25
13,34,60
53,66,172
65,0,65
76,48,172
88,24,136
20,24,64
75,53,181
13,34,60
17,60,94
13,40,66
4,61,69
39,91,169
1,11,13
1,96,98
23,75,121
92,45,182
89,44,177
24,67,115
39,29,97
62,12,86
80,9,98
81,86,248
22,99,143
5,86,96
68,57,182
17,62,96
87,23,133
76,53,182
88,80,248
43,60,146
66,49,164
28,47,103
94,74,242
23,25,71
92,67,226
11,9,29
37,21,79
28,89,145
11,67,89
45,87,177
90,95,275
4,97,105
29,17,63
91,54,199
23,50,96
19,35,73
40,68,148
52,67,171
59,87,205
26,9,44
54,77,185
70,33,136
66,77,209
92,70,232
86,50,186
79,21,121
50,46,142
15,95,125
13,93,119
15,62,92
34,92,160
50,46,142
65,2,69
43,9,61
16,68,100
84,46,176
30,60,120
67,18,103
100,21,142
15,48,78
19,96,134
3,6,12
40,65,145
56,13,82
99,100,298
94,99,287
89,45,179
6,94,106
67,30,127
48,84,180
32,43,107
51,15,81
100,12,124
68,40,148
64,27,118
50,86,186
81,95,257
61,70,192
25,23,71
91,17,125
16,47,79
67,71,205
93,27,147
61,92,214
78,40,158
64,98,226
20,34,74
69,2,73
18,45,81
94,40,174
61,66,188
35,99,169
82,29,140
32,80,144
95,80,255
46,36,118
60,57,174
50,95,195
50,60,160
81,83,245
36,55,127
78,40,158
73,32,137
24,52,100
39,25,89
41,90,172
66,85,217
16,40,72
74,3,80
30,76,136
26,58,110
87,56,199
43,87,173
9,74,92
92,32,156
10,51,71
34,34,102
71,42,155
9,17,35
25,54,104
20,23,63
20,67,107
29,95,153
12,35,59
95,9,113
29,58,116
22,28,72
61,89,211
10,57,77
32,69,133
83,70,223
10,78,98
8,93,109
10,20,40
36,21,78
94,98,286
59,72,190
84,21,126
66,1,68
55,18,91
12,99,123
60,22,104
87,91,265
22,7,36
31,9,49
61,19,99
54,28,110
72,21,114
43,28,99
34,15,64
93,38,169
73,83,229
78,29,136
97,76,249
83,40,163
47,62,156
69,92,230
71,46,163
39,29,97
26,33,85
35,5,45
25,20,65
87,26,139
25,83,133
73,39,151
24,4,32
84,78,240
45,44,133
0,100,100
18,83,119
89,20,129
52,30,112
57,37,131
57,6,69
79,8,95
67,86,220
27,93,147
67,56,179
50,8,66
2,27,31
42,83,167
83,67,217
16,34,66
35,56,126
17,45,79
48,88,184
47,15,77
76,67,210
71,94,236
24,49,97
16,33,65
9,82,100
64,0,64
31,21,73
22,43,87
43,83,169
31,85,147
18,36,72
98,99,295
65,56,177
5,29,39
6,11,23
8,56,72
48,6,60
85,65,215
87,92,266
46,49,141
85,65,215
90,47,184
15,29,59
42,84,168
28,73,129
65,27,119
7,72,86
10,53,73
47,14,75
8,48,64
67,77,211
91,99,281
86,14,114
41,2,45
25,9,43
98,17,132
0,93,93
34,71,139
90,79,248
29,3,35
97,18,133
22,56,100
31,73,135
5,6,16
72,87,231
31,59,121
75,47,169
28,73,129
1,25,27
31,14,59
58,29,116
57,20,97
73,76,222
56,11,78
72,71,214
15,55,85
10,78,98
2,60,64
20,53,93
43,81,167
64,52,168
62,39,140
56,47,150
51,100,202
56,1,58
53,14,81
36,31,98
100,43,186
62,42,146
27,42,96
70,87,227
72,36,144
13,55,81
20,79,119
44,26,96
14,71,99
100,91,282
49,63,161
44,63,151
84,54,192
49,30,109
92,75,242
72,92,236
58,91,207
45,98,188
3,56,62
16,14,44
74,85,233
71,43,157
57,76,190
71,81,223
19,22,60
59,90,208
34,13,60
99,56,211
16,63,95
64,36,136
84,21,126
8,38,54
72,69,210
64,1,66
10,99,119
40,2,44
45,75,165
60,43,146
74,38,150
9,33,51
20,83,123
7,54,68
39,14,67
10,24,44
33,58,124
48,35,118
67,4,75
85,15,115
7,88,102
17,74,108
32,64,128
94,34,162
91,83,257
86,75,236
17,51,85
54,38,130
47,37,121
79,39,157
8,0,8
56,74,186
0,52,52
41,73,155
80,66,212
64,86,214
83,82,247
82,20,122
65,28,121
76,52,180
43,77,163
72,4,80
90,91,271
8,80,96
20,22,62
85,59,203
8,98,114
85,8,101
53,40,133
14,28,56
14,56,84
40,82,162
77,79,233
87,19,125
0,81,81
27,79,133
14,90,118
54,64,172
99,24,147
46,79,171
55,45,145
26,20,66
86,49,184
15,95,125
7,64,78
55,12,79
86,14,114
31,95,157
64,34,132
83,61,205
39,100,178
46,89,181
41,3,47
42,79,163
86,72,230
57,56,169
46,92,184
38,27,92
69,17,103
29,77,135
7,60,74
57,61,175
21,2,25
53,77,183
74,15,104
61,51,163
100,15,130
66,29,124
77,54,185
10,62,82
31,31,93
92,72,236
5,7,17
96,80,256
77,94,248
42,73,157
22,37,81
25,19,63
97,92,281
80,15,110
43,30,103
69,95,233
61,62,184
3,79,85
80,88,248
73,17,107
96,99,291
20,29,69
86,61,208
86,6,98
67,26,119
77,78,232
22,48,92
61,64,186
32,76,140
87,19,125
56,26,108
81,15,111
4,73,81
68,42,152
44,27,98
11,5,21
17,97,131
62,44,150
71,49,169
77,61,199
17,13,43
10,90,110
62,46,154
50,4,58
95,41,177
43,81,167
43,33,109
20,20,60
9,70,88
92,82,256
67,99,233
83,85,251
3,54,60
100,82,264
5,50,60
58,94,210
86,52,190
19,5,29
47,70,164
37,59,133
1,86,88
23,10,43
4,57,65
78,33,144
94,0,94
34,94,162
43,92,178
26,83,135
10,25,45
56,37,130
88,93,269
72,34,140
4,85,93
3,38,44
46,90,182
36,89,161
88,8,104
34,18,70
95,42,179
85,42,169
72,98,242
45,16,77
80,25,130
70,42,154
96,5,106
93,69,231
56,63,175
8,68,84
88,37,162
77,13,103
6,72,84
60,22,104
46,66,158
91,73,237
21,35,77
74,10,94
56,79,191
85,80,245
98,74,246
13,4,21
79,77,233
38,41,117
84,62,208
46,17,80
98,56,210
97,72,241
64,8,80
84,9,102
0,82,82
82,23,128
18,54,90
68,75,211
39,16,71
86,91,263
50,93,193
72,89,233
48,47,142
37,36,109
36,79,151
34,42,110
31,23,77
32,29,90
47,96,190
98,76,250
78,79,235
79,51,181
88,64,216
19,1,21
58,12,82
65,99,229
66,18,102
58,50,158
72,0,72
63,97,223
56,68,180
67,24,115
69,20,109
70,40,150
36,52,124
27,31,85
89,96,274
68,80,216
91,15,121
12,68,92
43,95,181
40,87,167
44,26,96
76,33,142
62,60,182
50,33,116
88,10,108
63,100,226
35,36,106
90,84,258
3,43,49
34,75,143
68,44,156
23,36,82
40,36,112
50,33,116
35,1,37
7,77,91
67,24,115
66,31,128
4,34,42
92,7,106
71,23,117
1,70,72
24,74,122
80,19,118
90,81,252
35,64,134
21,91,133
12,21,45
5,3,11
35,30,95
32,17,66
80,37,154
2,17,21
34,85,153
34,7,48
90,43,176
82,76,234
99,67,233
7,17,31
56,71,183
33,69,135
49,10,69
37,32,101
68,17,102
52,47,146
71,22,115
37,58,132
56,31,118
95,31,157
47,77,171
65,19,103
68,39,146
68,19,106
6,32,44
71,64,199
20,2,24
38,51,127
6,68,80
6,25,37
91,42,175
27,31,85
89,72,233
64,76,204
58,98,214
36,42,114
57,40,137
8,14,30
43,82,168
87,69,225
21,73,115
30,36,96
17,67,101
61,1,63
87,15,117
34,4,42
63,17,97
56,95,207
30,81,141
10,87,107
15,10,35
68,3,74
0,22,22
24,49,97
19,1,21
73,53,179
41,10,61
49,71,169
7,8,22
75,63,201
16,43,75
93,92,277
42,31,104
0,76,76
84,5,94
61,74,196
37,70,144
53,39,131
36,64,136
94,7,108
75,78,228
75,22,119
12,65,89
100,25,150
100,69,238
67,84,218
25,17,59
7,23,37
83,97,263
6,98,110
17,48,82
91,53,197
18,10,38
56,6,68
8,41,57
23,35,81
11,34,56
16,88,120
9,1,11
56,75,187
29,89,147
36,35,106
99,90,279
10,78,98
29,35,93
83,31,145
64,80,208
21,89,131
38,27,92
28,83,139
96,83,262
38,15,68
59,83,201
75,57,189
12,16,40
33,83,149
34,33,100
48,73,169
26,91,143
99,45,189
37,45,119
25,88,138
27,51,105
96,49,194
94,29,152
14,69,97
40,14,68
32,2,36
5,46,56
34,64,132
88,9,106
59,15,89
11,25,47
83,32,147
73,53,179
54,64,172
34,45,113
11,59,81
16,95,127
91,3,97
85,16,117
87,73,233
68,85,221
91,92,274
17,43,77
29,61,119
91,66,223
58,95,211
100,30,160
51,4,59
84,67,218
37,42,116
73,60,193
41,81,163
35,15,65
80,78,236
17,70,104
94,43,180
63,51,165
89,45,179
27,44,98
31,75,137
82,69,220
68,9,86
46,49,141
1,20,22
75,58,191
46,70,162
33,77,143
83,21,125
62,12,86
87,87,261
4,71,79
27,58,112
20,40,80
97,96,289
66,91,223
61,24,109
20,73,113
33,13,59
0,96,96
91,73,237
96,65,226
80,87,247
35,58,128
90,78,246
46,77,169
2,32,36
32,39,103
54,88,196
93,5,103
4,32,40
37,55,129
2,31,35
45,43,131
34,62,130
84,87,255
46,16,78
6,73,85
66,35,136
11,8,27
32,12,56
10,99,119
27,100,154
22,62,106
14,82,110
84,2,88
9,68,86
99,59,217
15,100,130
34,35,103
90,97,277
66,8,82
29,8,45
28,50,106
21,49,91
55,74,184
99,22,143
89,11,111
95,66,227
51,73,175
32,71,135
62,47,156
93,16,125
55,40,135
80,17,114
12,62,86
69,2,73
5,1,7
54,91,199
44,33,110
61,48,157
90,36,162
71,47,165
8,46,62
68,63,194
43,24,91
22,83,127
97,57,211
98,61,220
57,99,213
45,56,146
44,68,156
34,76,144
39,22,83
9,47,65
70,86,226
53,68,174
22,51,95
42,85,169
43,24,91
89,91,269
51,82,184
34,76,144
78,59,196
86,58,202
10,69,89
35,37,107
68,99,235
30,76,136
97,86,269
100,68,236
41,13,67
64,75,203
46,1,48
77,71,219
41,62,144
43,17,77
66,67,199
8,92,108
85,35,155
76,65,206
61,72,194
30,54,114
87,69,225
42,8,58
28,57,113
22,91,135
9,40,58
86,67,220
58,90,206
42,4,50
58,71,187
64,63,190
31,61,123
87,19,125
49,97,195
15,11,37
19,50,88
75,25,125
68,98,234
91,30,151
72,51,174
67,12,91
84,7,98
18,7,32
1,69,71
82,1,84
28,47,103
27,70,124
80,2,84
78,51,180
23,75,121
67,20,107
64,54,172
87,82,251
24,10,44
40,25,90
13,19,45
54,52,158
80,18,116
99,1,101
77,24,125
67,93,227
54,57,165
19,59,97
64,20,104
77,73,223
55,65,175
44,72,160
15,50,80
65,8,81
17,100,134
2,58,62
68,8,84
84,75,234
14,84,112
46,9,64
58,92,208
50,21,92
13,0,13
23,2,27
95,15,125
37,60,134
25,94,144
77,92,246
27,75,129
31,18,67
35,61,131
20,40,80
81,7,95
0,72,72
14,91,119
5,35,45
1,88,90
25,17,59
64,79,207
13,50,76
60,73,193
60,99,219
91,30,151
33,42,108
76,77,229
39,61,139
17,85,119
55,34,123
84,70,224
74,35,144
34,76,144
90,84,258
64,79,207
42,33,108
72,8,88
5,41,51
23,46,92
9,11,29
62,60,182
73,36,145
100,39,178
42,82,166
72,56,184
7,77,91
43,15,73
6,18,30
43,75,161
90,64,218
11,67,89
76,60,196
20,3,26
81,64,209
37,19,75
45,85,175
88,9,106
55,96,206
7,20,34
40,56,136
57,45,147
54,70,178
52,49,150
47,63,157
8,93,109
60,59,178
36,78,150
83,7,97
88,36,160
93,77,247
94,100,288
38,53,129
66,85,217
45,24,93
39,53,131
8,43,59
65,70,200
82,26,134
58,22,102
55,42,139
32,41,105
92,39,170
40,92,172
33,23,79
4,98,106
20,70,110
6,21,33
16,34,66
3,37,43
42,28,98
19,46,84
12,40,64
36,85,157
28,41,97
0,45,45
66,38,142
24,94,142
69,46,161
10,57,77
6,84,96
77,6,89
39,20,79
14,49,77
53,74,180
65,42,149
68,55,178
72,55,182
69,28,125
98,40,178
1,63,65
5,43,53
22,33,77
60,49,158
84,51,186
8,3,14
38,93,169
90,55,200
34,93,161
55,63,173
45,16,77
0,37,37
21,4,29
91,53,197
25,23,71
49,70,168
93,21,135
40,93,173
85,37,159
8,79,95
21,81,123
13,73,99
38,39,115
10,64,84
29,68,126
68,65,198
54,17,88
38,8,54
80,65,210
37,0,37
85,42,169
94,84,262
79,14,107
15,40,70
93,95,281
79,74,227
47,95,189
41,90,172
44,37,118
6,38,50
96,14,124
86,79,244
19,76,114
13,0,13
8,90,106
97,88,273
18,44,80
89,14,117
74,25,124
11,64,86
34,32,98
36,48,120
30,20,70
25,69,119
27,100,154
61,74,196
14,47,75
32,32,96
32,50,114
34,40,108
20,58,98
25,3,31
59,59,177
73,77,223
80,61,202
60,20,100
93,11,115
38,15,68
66,5,76
40,77,157
28,50,106
36,97,169
39,6,51
9,66,84
70,58,186
79,85,243
28,50,106
92,49,190
39,49,127
80,47,174
18,96,132
15,65,95
41,93,175
100,44,188
98,38,174
9,57,75
9,31,49
38,10,58
22,62,106
18,62,98
34,22,78
6,90,102
67,33,133
74,73,220
90,29,148
62,85,209
19,92,130
73,28,129
83,41,165
95,18,131
49,43,135
97,10,117
39,65,143
59,54,167
75,83,233
38,59,135
26,6,38
54,29,112
58,0,58
18,52,88
5,61,71
32,44,108
3,95,101
15,93,123
34,72,140
67,56,179
78,44,166
87,3,93
92,68,228
53,30,113
17,51,85
77,28,133
98,59,216
18,67,103
55,25,105
89,2,93
44,86,174
58,92,208
46,15,76
84,32,148
52,69,173
89,26,141
10,7,24
41,66,148
87,85,257
62,9,80
1,75,77
67,62,191
24,79,127
95,13,121
64,87,215
42,53,137
59,49,157
25,51,101
69,8,85
55,46,147
44,19,82
64,85,213
36,86,158
80,57,194
62,46,154
70,77,217
21,95,137
86,61,208
71,67,205
27,9,45
99,22,143
92,62,216
25,98,148
96,16,128
52,5,62
25,62,112
21,47,89
3,50,56
5,7,17
70,45,160
3,77,83
8,44,60
0,73,73
41,68,150
70,50,170
91,88,267
95,17,129
5,94,104
78,52,182
8,96,112
0,52,52
33,63,129
94,24,142
86,95,267
68,92,228
77,20,117
60,60,180
55,45,145
25,75,125
77,99,253
94,5,104
40,57,137
53,87,193
20,67,107
65,99,229
28,55,111
72,59,190
17,81,115
50,64,164
55,44,143
31,60,122
19,34,72
58,53,164
90,35,160
97,89,275
57,47,151
38,13,64
65,9,83
34,61,129
19,73,111
17,22,56
7,25,39
16,96,128
14,87,115
11,42,64
67,93,227
74,58,190
89,28,145
1,67,69
42,30,102
94,44,182
0,67,67
70,84,224
14,6,26
25,23,71
31,18,67
39,56,134
4,48,56
49,24,97
56,8,72
66,5,76
41,87,169
41,79,161
71,56,183
95,50,195
17,49,83
43,73,159
51,15,81
87,41,169
53,97,203
50,99,199
98,15,128
2,69,73
4,7,15
37,15,67
50,17,84
11,16,38
34,34,102
26,1,28
64,33,130
32,37,101
66,74,206
57,98,212
37,46,120
65,82,212
26,36,88
25,51,101
49,94,192
42,78,162
71,42,155
81,75,231
82,70,222
15,4,23
42,9,60
67,53,173
73,75,221
65,88,218
90,73,236
92,96,280
77,67,211
32,62,126
19,45,83
56,0,56
95,56,207
15,55,85
27,80,134
48,39,126
37,25,87
18,62,98
30,84,144
63,100,226
93,37,167
72,4,80
16,70,102
72,89,233
20,69,109
90,55,200
62,42,146
79,51,181
14,98,126
91,37,165
2,74,78
31,92,154
15,8,31
77,49,175
21,57,99
15,17,47
34,65,133
48,73,169
29,85,143
25,83,133
16,33,65
21,37,79
26,100,152
44,31,106
98,91,280
78,55,188
49,1,51
60,46,152
27,91,145
64,68,196
84,38,160
4,61,69
43,91,177
18,62,98
14,20,48
26,24,74
17,35,69
22,79,123
100,16,132
41,26,93
89,8,105
78,96,252
48,74,170
0,51,51
83,83,249
98,53,204
76,71,218
36,84,156
95,66,227
5,71,81
40,12,64
22,12,46
4,62,70
19,63,101
58,84,200
71,42,155
75,79,229
50,66,166
58,91,207
51,59,161
65,34,133
33,30,93
83,69,221
25,15,55
80,10,100
1,70,72
52,63,167
13,60,86
81,58,197
6,41,53
45,31,107
89,65,219
51,8,67
25,7,39
46,11,68
16,19,51
62,26,114
19,51,89
21,63,105
42,29,100
100,34,168
45,56,146
25,76,126
0,72,72
23,24,70
100,23,146
12,60,84
31,57,119
19,8,35
1,86,88
40,17,74
79,0,79
15,66,96
6,72,84
98,62,222
29,67,125
84,95,263
9,65,83
51,38,127
27,13,53
74,1,76
51,27,105
40,65,145
46,46,138
49,15,79
25,29,79
21,43,85
53,2,57
61,33,127
100,75,250
29,51,109
55,46,147
23,14,51
61,74,196
27,34,88
92,61,214
45,82,172
79,7,93
78,7,92
34,85,153
84,21,126
55,41,137
1,99,101
4,33,41
52,4,60
57,57,171
97,47,191
34,34,102
54,53,160
96,52,200
56,6,68
48,72,168
4,73,81
86,67,220
42,75,159
1,26,28
51,30,111
6,38,50
51,71,173
9,11,29
45,30,105
27,71,125
54,49,152
12,38,62
90,9,108
84,2,88
92,16,124
45,38,121
40,77,157
27,52,106
31,96,158
90,21,132
66,23,112
77,46,169
71,74,216
87,27,141
32,81,145
44,31,106
61,50,161
60,51,162
75,12,99
15,26,56
9,62,80
56,29,114
38,74,150
7,1,9
83,68,219
79,59,197
13,14,40
27,63,117
81,81,243
73,66,205
34,82,150
18,34,70
91,82,255
26,58,110
50,71,171
98,1,100
33,9,51
48,46,140
40,76,156
55,38,131
72,83,227
69,13,95
70,57,184
71,15,101
60,43,146
27,24,75
73,29,131
24,50,98
79,9,97
36,28,92
7,60,74
17,21,55
21,96,138
35,73,143
11,48,70
19,85,123
68,26,120
37,93,167
76,94,246
22,48,92
32,81,145
86,50,186
80,44,168
49,28,105
54,31,116
78,29,136
52,46,144
14,86,114
42,77,161
44,99,187
95,48,191
31,52,114
38,7,52
76,41,158
71,69,209
82,37,156
61,69,191
44,18,80
6,82,94
66,1,68
8,5,18
70,68,206
67,29,125
64,78,206
36,3,42
31,3,37
99,17,133
62,62,186
79,30,139
62,17,96
85,14,113
16,32,64
42,24,90
92,90,272
9,85,103
76,43,162
17,66,100
56,51,158
34,20,74
1,96,98
36,29,94
7,58,72
48,97,193
96,64,224
20,31,71
86,64,214
89,95,273
45,39,123
21,58,100
69,70,208
71,46,163
7,55,69
63,34,131
38,6,50
67,100,234
45,6,57
15,22,52
13,75,101
34,3,40
64,89,217
64,93,221
8,72,88
5,98,108
86,7,100
53,27,107
81,27,135
92,93,277
11,70,92
9,66,84
4,15,23
41,83,165
43,18,79
17,94,128
8,78,94
18,13,44
91,3,97
95,49,193
74,22,118
78,77,232
36,44,116
18,81,117
0,38,38
21,41,83
86,97,269
51,84,186
72,18,108
17,27,61
41,78,160
52,25,102
78,60,198
40,54,134
30,96,156
54,40,134
84,75,234
61,82,204
88,32,152
4,47,55
59,54,167
94,76,246
95,0,95
2,9,13
10,93,113
9,19,37
83,77,237
37,71,145
7,56,70
19,28,66
22,28,72
54,89,197
66,69,201
10,67,87
73,88,234
58,40,138
92,74,240
100,28,156
17,30,64
10,21,41
28,70,126
44,31,106
89,32,153
8,6,20
91,41,173
24,83,131
40,21,82
99,62,223
71,14,99
59,90,208
7,15,29
32,48,112
6,97,109
64,54,172
22,54,98
93,78,249
29,26,81
94,26,146
1,32,34
77,45,167
99,100,298
93,14,121
44,77,165
93,59,211
19,84,122
53,58,164
76,20,116
63,0,63
47,76,170
96,34,164
6,98,110
70,28,126
65,42,149
73,71,215
93,20,133
12,97,121
47,30,107
60,75,195
81,26,133
38,3,44
23,66,112
49,59,157
68,17,102
82,26,134
31,66,128
6,80,92
64,97,225
35,25,85
66,77,209
68,20,108
46,54,146
20,65,105
59,93,211
79,57,193
0,20,20
84,40,164
53,56,162
34,7,48
62,75,199
56,13,82
61,29,119
37,95,169
9,23,41
66,60,186
93,3,99
69,52,173
46,30,106
73,27,127
60,41,142
35,10,55
2,77,81
55,38,131
11,0,11
69,18,105
29,41,99
96,99,291
75,31,137
82,40,162
9,50,68
82,98,262
41,62,144
40,36,112
18,80,116
59,39,137
7,44,58
28,73,129
60,3,66
15,53,83
50,85,185
65,17,99
85,20,125
94,61,216
35,8,51
28,60,116
28,92,148
16,2,20
95,43,181
40,19,78
59,8,75
34,31,96
38,56,132
78,90,246
100,47,194
95,40,175
98,43,184
45,77,167
50,87,187
64,73,201
88,82,252
60,99,219
8,24,40
61,93,215
96,85,266
100,17,134
59,29,117
47,95,189
100,41,182
98,95,288
7,46,60
22,89,133
35,38,108
64,4,72
7,82,96
6,62,74
96,74,244
62,59,180
20,74,114
91,53,197
70,33,136
82,80,242
19,42,80
38,25,88
91,16,123
30,38,98
80,13,106
33,74,140
34,2,38
93,12,117
64,27,118
8,54,70
47,16,79
7,13,27
26,48,100
63,57,177
70,55,180
17,36,70
18,13,44
16,91,123
46,75,167
6,9,21
67,26,119
0,100,100
25,45,95
58,69,185
100,75,250
46,3,52
64,52,168
74,87,235
14,15,43
67,89,223
32,43,107
37,12,61
47,93,187
61,54,169
18,72,108
13,80,106
32,72,136
48,52,148
88,87,262
71,6,83
64,46,156
43,67,153
18,28,64
96,59,214
65,16,97
9,27,45
58,38,134
8,62,78
90,37,164
20,60,100
16,83,115
12,93,117
37,38,112
55,82,192
31,67,129
89,11,111
57,41,139
4,27,35
23,18,59
33,48,114
1,89,91
18,28,64
4,50,58
99,37,173
73,30,133
93,65,223
76,93,245
95,94,283
9,56,74
5,70,80
50,6,62
25,95,145
95,66,227
5,6,16
57,38,133
29,67,125
12,34,58
85,53,191
40,23,86
14,68,96
64,88,216
34,8,50
38,56,132
25,93,143
65,61,187
1,79,81
84,6,96
33,53,119
48,69,165
87,13,113
69,91,229
21,67,109
97,92,281
88,20,128
68,39,146
36,15,66
1,83,85
89,29,147
41,30,101
97,4,105
49,68,166
45,19,83
19,76,114
62,7,76
47,27,101
41,52,134
47,98,192
74,94,242
76,19,114
91,46,183
49,58,156
87,12,111
11,89,111
10,42,62
25,100,150
29,55,113
36,95,167
94,14,122
84,61,206
92,1,94
17,74,108
6,78,90
98,33,164
33,48,114
22,51,95
56,57,169
1,66,68
63,31,125
46,52,144
38,69,145
92,13,118
15,27,57
73,75,221
49,72,170
58,35,128
77,73,223
45,40,125
81,96,258
62,76,200
71,77,219
7,62,76
26,55,107
23,99,145
15,68,98
20,38,78
99,40,179
61,51,163
12,52,76
57,80,194
79,83,241
20,86,126
27,52,106
84,9,102
78,81,237
38,31,100
8,60,76
80,74,228
65,79,209
91,33,157
7,39,53
38,16,70
61,29,119
31,28,87
49,62,160
86,31,148
14,37,65
20,34,74
40,42,122
82,50,182
41,73,155
45,4,53
43,23,89
65,39,143
24,99,147
88,24,136
62,83,207
100,44,188
84,72,228
100,30,160
75,57,189
70,19,108
7,61,75
69,94,232
65,44,153
24,95,143
95,3,101
88,75,238
14,21,49
80,95,255
6,31,43
10,41,61
92,69,230
14,28,56
24,17,58
78,26,130
26,32,84
65,88,218
70,70,210
67,73,207
48,10,68
56,31,118
54,78,186
27,23,73
0,47,47
82,28,138
19,92,130
58,45,148
43,55,141
62,51,164
90,58,206
75,6,87
36,27,90
85,48,181
69,83,221
17,67,101
21,4,29
89,5,99
38,36,110
32,59,123
97,37,171
72,50,172
28,62,118
48,82,178
96,51,198
47,35,117
96,31,158
75,95,245
92,62,216
7,63,77
31,42,104
4,97,105
58,91,207
62,73,197
47,39,125
89,38,165
89,40,169
41,75,157
31,98,160
4,29,37
41,23,87
43,87,173
32,62,126
84,28,140
35,25,85
35,33,101
19,3,25
91,16,123
16,93,125
6,23,35
5,82,92
28,9,46
42,23,88
58,75,191
68,23,114
44,70,158
47,41,129
2,92,96
4,45,53
63,41,145
15,25,55
33,72,138
2,32,36
17,56,90
49,17,83
43,92,178
61,55,171
54,50,154
81,63,207
72,48,168
48,29,106
4,23,31
40,44,124
7,40,54
8,70,86
6,12,24
82,20,122
69,99,237
37,25,87
90,28,146
21,22,64
11,39,61
0,50,50
74,1,76
83,38,159
97,54,205
48,84,180
26,57,109
2,62,66
64,97,225
82,19,120
4,50,58
26,45,97
86,43,172
11,16,38
26,91,143
47,71,165
31,95,157
11,19,41
78,94,250
10,25,45
31,97,159
63,89,215
91,36,163
88,72,232
76,28,132
100,3,106
47,52,146
40,22,84
86,74,234
64,5,74
31,86,148
87,96,270
66,55,176
52,15,82
75,2,79
75,50,175
72,77,221
24,18,60
35,42,112
55,40,135
76,22,120
36,74,146
79,54,187
8,59,75
47,1,49
66,37,140
0,99,99
35,63,133
46,83,175
53,74,180
55,21,97
77,35,147
20,57,97
39,59,137
25,41,91
47,91,185
54,86,194
40,10,60
33,93,159
65,40,145
42,38,118
78,68,214
74,95,243
37,72,146
36,72,144
46,28,102
66,9,84
14,86,114
19,68,106
30,35,95
75,39,153
30,4,38
75,72,219
75,13,101
18,65,101
81,67,215
95,69,233
4,83,91
100,4,108
59,48,155
88,96,272
97,82,261
55,23,101
66,27,120
19,20,58
31,81,143
91,72,235
38,3,44
79,18,115
76,65,206
74,90,238
2,26,30
8,11,27
52,35,122
38,53,129
55,14,83
35,3,41
28,22,72
58,42,142
40,52,132
70,58,186
77,83,237
56,34,124
44,3,50
55,21,97
70,47,164
86,3,92
9,43,61
65,91,221
98,71,240
74,81,229
23,90,136
21,92,134
87,30,147
82,91,255
34,21,76
12,25,49
96,37,170
14,46,74
43,82,168
21,77,119
46,42,130
6,64,76
76,21,118
55,90,200
9,78,96
82,64,210
57,55,167
84,53,190
94,80,254
43,58,144
29,98,156
94,34,162
46,22,90
26,71,123
88,85,258
15,95,125
89,1,91
99,12,123
46,42,130
20,28,68
89,41,171
85,32,149
46,89,181
50,14,78
70,88,228
26,29,81
85,11,107
14,11,36
0,10,10
82,13,108
36,9,54
89,54,197
95,63,221
78,48,174
67,49,165
59,50,159
31,2,35
40,86,166
56,42,140
93,6,105
63,12,87
64,99,227
48,20,88
0,55,55
73,93,239
33,93,159
28,100,156
42,56,140
49,25,99
87,64,215
48,22,92
72,98,242
42,60,144
21,4,29
72,33,138
17,59,93
90,93,273
9,26,44
94,1,96
76,94,246
85,82,249
76,21,118
97,45,187
11,83,105
63,56,175
70,90,230
22,6,34
9,33,51
65,24,113
18,31,67
61,62,184
51,62,164
62,49,160
28,27,82
2,74,78
92,92,276
22,95,139
76,13,102
78,29,136
8,99,115
94,78,250
34,96,164
33,66,132
92,79,250
0,96,96
41,77,159
74,75,223
30,51,111
0,91,91
82,21,124
77,45,167
56,63,175
51,8,67
0,16,16
57,49,155
94,48,190
58,87,203
94,79,252
51,49,149
29,3,35
47,94,188
42,96,180
86,9,104
23,1,25
83,7,97
96,81,258
34,32,98
84,56,196
27,37,91
75,2,79
48,76,172
100,61,222
68,55,178
87,33,153
22,93,137
85,2,89
18,4,26
35,56,126
19,66,104
45,63,153
19,41,79
88,94,270
31,33,95
85,82,249
40,37,114
12,34,58
5,32,42
51,30,111
93,0,93
76,38,152
11,94,116
64,44,152
25,21,67
38,11,60
66,51,168
48,78,174
71,50,171
15,100,130
58,41,140
74,21,116
7,10,24
79,41,161
68,70,206
70,58,186
42,33,108
74,39,152
42,24,90
88,15,118
64,92,220
82,28,138
93,51,195
71,79,221
52,72,176
80,42,164
47,12,71
81,33,147
74,67,208
91,37,165
43,64,150
9,40,58
68,69,205
62,100,224
28,84,140
54,3,60
36,63,135
2,59,63
52,13,78
25,99,149
43,16,75
88,60,208
6,36,48
14,7,28
26,46,98
51,66,168
18,76,112
14,85,113
2,34,38
39,90,168
80,85,245
20,79,119
43,78,164
1,60,62
36,51,123
77,56,189
26,65,117
64,57,178
5,29,39
66,97,229
17,75,109
47,66,160
76,70,216
96,7,110
34,51,119
14,76,104
93,17,127
4,70,78
42,87,171
95,66,227
72,98,242
97,92,281
93,61,215
58,50,158
48,39,126
29,48,106
98,39,176
59,98,216
71,89,231
42,62,146
63,93,219
43,76,162
76,47,170
38,82,158
15,79,109
23,67,113
25,8,41
11,80,102
75,1,77
68,88,224
3,28,34
63,18,99
31,1,33
57,22,101
85,26,137
81,36,153
19,18,55
44,55,143
0,55,55
45,5,55
59,6,71
24,74,122
81,53,187
82,18,118
19,64,102
59,25,109
89,99,277
33,24,81
51,94,196
48,37,122
4,19,27
34,93,161
35,6,47
72,55,182
93,81,255
99,99,297
63,56,175
91,2,95
31,20,71
88,72,232
80,94,254
100,62,224
2,10,14
31,4,39
90,90,270
77,35,147
69,39,147
95,41,177
78,39,156
89,89,267
1,34,36
78,35,148
5,74,84
63,56,175
3,76,82
39,45,123
20,25,65
89,99,277
63,33,129
40,19,78
97,25,147
73,51,175
90,5,100
99,89,277
25,48,98
99,7,113
87,54,195
62,10,82
65,10,85
44,8,60
38,68,144
93,24,141
6,9,21
35,68,138
71,87,229
47,0,47
84,20,124
57,100,214
33,56,122
49,17,83
28,83,139
51,37,125
82,28,138
93,30,153
89,89,267
9,91,109
99,57,213
93,41,175
38,22,82
2,78,82
96,87,270
61,97,219
36,26,88
24,40,88
32,18,68
75,76,226
88,67,222
69,77,215
69,60,189
11,14,36
45,86,176
75,90,240
30,61,121
87,66,219
33,27,87
60,28,116
15,50,80
50,6,62
15,2,19
52,87,191
11,62,84
66,67,199
28,53,109
7,74,88
71,38,147
62,16,94
66,41,148
24,36,84
22,42,86
37,36,109
29,19,67
73,74,220
7,30,44
58,9,76
80,86,246
51,17,85
98,21,140
45,11,67
0,20,20
82,64,210
86,6,98
34,96,164
28,76,132
98,73,244
54,59,167
95,74,243
64,45,154
35,96,166
71,46,163
51,11,73
88,56,200
13,71,97
9,71,89
90,12,114
59,81,199
23,79,125
37,77,151
73,3,79
44,8,60
41,25,91
40,58,138
82,70,222
69,79,217
35,87,157
87,87,261
68,95,231
72,66,204
62,59,180
6,94,106
52,61,165
10,91,111
60,58,176
33,18,69
28,90,146
9,82,100
48,4,56
57,61,175
92,91,274
81,9,99
64,42,148
51,62,164
53,81,187
55,22,99
7,84,98
41,11,63
95,40,175
77,2,81
40,96,176
78,6,90
39,82,160
99,14,127
87,46,179
40,52,132
42,95,179
67,49,165
28,98,154
83,62,207
67,62,191
90,9,108
30,92,152
79,39,157
59,40,139
54,29,112
7,85,99
89,86,261
94,67,228
87,0,87
72,30,132
33,39,105
6,91,103
3,82,88
69,9,87
59,44,147
9,13,31
23,96,142
71,99,241
19,31,69
84,70,224
55,71,181
17,7,31
67,3,73
82,32,146
15,37,67
75,92,242
30,43,103
98,11,120
55,65,175
88,9,106
32,82,146
79,77,233
92,3,98
19,32,70
11,91,113
21,10,41
49,30,109
4,80,88
5,13,23
63,46,155
87,29,145
78,67,212
43,23,89
96,71,238
90,17,124
74,78,226
81,43,167
65,84,214
46,48,140
73,63,199
48,99,195
7,42,56
17,86,120
97,10,117
22,17,56
61,2,65
65,21,107
73,62,197
30,39,99
0,23,23
20,83,123
7,48,62
98,2,102
92,62,216
94,27,148
30,27,84
8,75,91
58,98,214
6,54,66
12,21,45
95,13,121
6,30,42
46,76,168
38,36,110
81,8,97
61,77,199
16,45,77
37,67,141
80,10,100
32,6,44
51,81,183
17,34,68
26,26,78
18,3,24
97,49,195
63,7,77
12,51,75
37,75,149
93,76,245
54,57,165
58,6,70
18,50,86
8,94,110
19,56,94
37,3,43
44,65,153
38,38,114
16,73,105
34,28,90
45,38,121
34,86,154
14,58,86
74,15,104
12,3,18
83,11,105
27,53,107
38,57,133
72,40,152
59,66,184
79,23,125
81,28,137
44,65,153
85,31,147
96,29,154
91,88,267
72,50,172
83,86,252
54,60,168
69,100,238
56,20,96
42,24,90
71,62,195
3,34,40
90,3,96
40,15,70
61,45,151
40,79,159
31,79,141
49,37,123
10,2,14
100,10,120
69,21,111
66,38,142
10,54,74
29,99,157
9,11,29
33,61,127
6,45,57
61,58,177
71,17,105
92,47,186
99,68,235
38,53,129
16,98,130
81,75,231
67,40,147
2,89,93
60,95,215
66,46,158
45,72,162
73,18,109
19,19,57
62,93,217
65,96,226
93,59,211
53,50,153
66,52,170
78,74,226
75,81,231
38,19,76
56,36,128
91,96,278
32,78,142
32,12,56
15,66,96
37,34,105
79,56,191
27,84,138
37,44,118
8,88,104
57,14,85
75,84,234
16,6,28
17,70,104
44,68,156
18,3,24
63,45,153
63,74,200
5,5,15
0,87,87
3,6,12
72,90,234
25,46,96
62,27,116
14,13,40
87,77,241
87,44,175
19,70,108
69,71,209
78,79,235
66,92,224
64,37,138
97,7,111
58,75,191
10,73,93
30,10,50
87,16,119
13,49,75
90,15,120
7,59,73
25,12,49
11,41,63
7,50,64
68,17,102
44,53,141
84,9,102
44,72,160
47,80,174
95,25,145
83,80,243
34,40,108
19,69,107
7,27,41
94,65,224
11,49,71
36,19,74
65,56,177
23,85,131
57,50,157
79,2,83
93,74,241
79,40,159
4,21,29
34,9,52
55,0,55
83,4,91
85,84,253
37,28,93
16,90,122
79,66,211
20,12,44
45,22,89
55,41,137
67,70,204
89,81,251
13,46,72
44,92,180
61,71,193
95,81,257
54,14,82
61,14,89
85,4,93
84,68,220
89,50,189
1,0,1
11,77,99
90,65,220
32,2,36
71,48,167
35,83,153
2,36,40
67,87,221
4,98,106
81,62,205
69,60,189
48,96,192
53,43,139
71,3,77
26,52,104
99,62,223
64,82,210
17,20,54
58,95,211
13,19,45
78,52,182
29,62,120
68,72,208
70,80,220
7,77,91
52,14,80
29,5,39
99,3,105
75,32,139
27,41,95
72,14,100
93,38,169
89,59,207
37,41,115
5,2,9
93,40,173
60,96,216
63,25,113
43,11,65
13,61,87
3,65,71
31,19,69
50,61,161
37,55,129
1,38,40
22,88,132
69,10,89
1,19,21
34,19,72
87,52,191
39,18,75
95,39,173
30,15,60
34,29,92
77,56,189
83,39,161
9,4,17
37,96,170
30,32,92
93,93,279
73,12,97
48,98,194
53,53,159
17,65,99
55,6,67
62,86,210
95,95,285
6,20,32
31,16,63
54,95,203
48,20,88
55,51,157
96,69,234
44,59,147
61,8,77
95,81,257
9,83,101
81,74,229
36,14,64
49,11,71
94,90,274
88,14,116
9,65,83
83,47,177
16,64,96
38,17,72
85,80,245
52,76,180
96,49,194
45,50,140
85,85,255
73,82,228
2,14,18
86,64,214
37,65,139
29,37,95
27,41,95
83,7,97
86,15,116
2,94,98
53,40,133
16,64,96
87,10,107
78,18,114
59,75,193
87,90,264
41,15,71
55,69,179
18,17,52
46,69,161
71,92,234
51,94,196
1,91,93
7,55,69
93,18,129
67,48,163
45,41,127
17,16,49
97,34,165
73,14,101
57,66,180
13,24,50
33,21,75
90,17,124
72,1,74
73,26,125
85,19,123
54,79,187
55,42,139
85,28,141
84,52,188
39,59,137
77,67,211
62,85,209
37,99,173
10,1,12
99,84,267
12,39,63
51,44,139
1,35,37
25,63,113
3,90,96
44,21,86
12,76,100
74,14,102
12,73,97
27,71,125
18,7,32
68,96,232
28,87,143
36,18,72
17,55,89
34,50,118
3,55,61
80,12,104
35,5,45
83,72,227
15,92,122
38,85,161
35,100,170
55,5,65
45,42,129
87,6,99
45,50,140
56,45,146
41,58,140
83,61,205
75,13,101
63,24,111
96,28,152
61,21,103
34,98,166
74,79,227
88,37,162
99,42,183
38,46,122
41,11,63
69,92,230
65,47,159
86,95,267
62,19,100
17,25,59
99,22,143
66,36,138
6,23,35
49,38,125
85,58,201
81,27,135
1,88,90
61,14,89
6,58,70
26,14,54
72,77,221
6,84,96
57,14,85
82,7,96
76,79,231
75,45,165
11,12,34
74,28,130
45,29,103
86,71,228
24,41,89
92,17,126
54,88,196
62,97,221
46,75,167
10,61,81
24,22,68
22,88,132
13,57,83
38,54,130
54,54,162
32,3,38
48,35,118
32,84,148
17,73,107
55,63,173
33,46,112
51,6,63
74,19,112
66,67,199
10,56,76
40,32,104
10,79,99
27,23,73
19,31,69
11,11,33
85,94,264
69,90,228
92,78,248
53,35,123
54,75,183
90,5,100
22,62,106
32,26,84
47,89,183
97,33,163
24,13,50
40,60,140
71,63,197
69,24,117
19,43,81
41,0,41
53,47,147
82,19,120
21,52,94
11,58,80
10,56,76
89,3,95
6,84,96
18,97,133
41,60,142
50,94,194
16,2,20
20,65,105
79,90,248
70,91,231
49,2,53
42,5,52
12,57,81
95,41,177
55,59,169
70,42,154
65,80,210
76,75,226
18,60,96
47,83,177
8,59,75
35,39,109
45,2,49
61,100,222
86,34,154
80,24,128
98,80,258
81,36,153
54,42,138
100,51,202
76,62,200
27,21,69
39,58,136
35,61,131
64,11,86
55,5,65
80,53,186
4,55,63
33,63,129
40,57,137
69,53,175
6,83,95
88,99,275
72,47,166
16,62,94
92,29,150
23,20,63
44,4,52
70,91,231
73,75,221
82,9,100
18,20,56
92,49,190
56,77,189
32,39,103
66,19,104
88,63,214
95,19,133
99,2,103
94,0,94
60,14,88
90,23,136
72,34,140
93,97,283
20,7,34
72,39,150
5,48,58
80,36,152
29,90,148
70,34,138
93,51,195
56,13,82
51,42,135
86,5,96
43,100,186
92,16,124
49,100,198
27,71,125
38,40,116
7,86,100
16,65,97
25,52,102
100,89,278
82,51,184
52,74,178
16,48,80
24,4,32
81,61,203
83,24,131
95,79,253
84,61,206
5,70,80
65,52,169
97,49,195
78,97,253
71,24,119
22,57,101
4,43,51
98,55,208
56,53,162
83,85,251
27,65,119
1,77,79
27,82,136
2,83,87
92,100,284
29,82,140
43,42,127
88,20,128
51,94,196
43,46,132
35,5,45
5,75,85
6,65,77
13,41,67
75,66,207
88,89,265
3,20,26
26,16,58
90,82,254
40,67,147
9,2,13
44,93,181
11,19,41
58,36,130
42,10,62
65,68,198
28,35,91
76,47,170
60,67,187
55,65,175
29,8,45
63,24,111
24,58,106
3,42,48
18,63,99
24,72,120
22,94,138
79,91,249
37,70,144
88,62,212
37,90,164
27,80,134
15,74,104
81,69,219
58,4,66
46,99,191
76,87,239
95,60,215
27,39,93
63,38,139
21,91,133
15,54,84
79,37,153
96,99,291
66,80,212
28,3,34
13,14,40
64,88,216
38,58,134
76,1,78
38,73,149
82,59,200
3,98,104
67,32,131
85,7,99
9,36,54
30,75,135
77,49,175
72,54,180
63,4,71
95,100,290
90,94,274
23,64,110
55,89,199
68,99,235
10,98,118
24,68,116
59,59,177
71,13,97
82,98,262
52,77,181
47,89,183
23,47,93
45,33,111
38,50,126
74,65,204
8,10,26
81,50,181
45,61,151
40,62,142
50,37,124
72,40,152
22,2,26
72,53,178
28,30,86
55,59,169
48,3,54
19,8,35
62,49,160
21,28,70
56,51,158
63,57,177
86,2,90
97,58,213
1,32,34
30,3,36
19,32,70
26,25,76
36,28,92
23,24,70
45,100,190
88,39,166
9,95,113
13,64,90
37,49,123
21,1,23
100,98,296
87,54,195
9,42,60
61,4,69
59,14,87
71,48,167
12,32,56
93,30,153
11,70,92
29,88,146
28,33,89
15,98,128
34,89,157
28,28,84
52,75,179
7,92,106
73,22,117
99,55,209
50,14,78
27,67,121
38,84,160
41,78,160
80,27,134
85,100,270
95,63,221
34,33,100
65,79,209
74,96,244
9,6,21
10,64,84
84,40,164
60,21,102
55,80,190
22,8,38
10,64,84
53,52,157
30,20,70
36,81,153
94,14,122
15,44,74
52,84,188
92,60,212
69,12,93
0,97,97
26,83,135
29,25,79
53,82,188
21,1,23
56,62,174
86,16,118
86,30,146
74,24,122
57,2,61
8,20,36
68,4,76
64,53,170
10,70,90
62,78,202
83,92,258
88,25,138
7,25,39
10,30,50
24,23,70
4,99,107
1,61,63
52,97,201
84,88,256
17,54,88
11,62,84
8,71,87
89,13,115
77,25,127
85,67,219
63,4,71
42,1,44
73,56,185
24,63,111
44,8,60
66,97,229
96,78,252
10,29,49
49,69,167
56,17,90
80,44,168
34,10,54
79,51,181
35,22,79
3,19,25
99,10,119
45,55,145
4,58,66
13,26,52
29,10,49
55,26,107
98,46,190
37,56,130
1,8,10
91,63,217
26,48,100
46,59,151
77,91,245
69,24,117
15,36,66
24,40,88
23,22,67
85,71,227
76,4,84
32,52,116
78,34,146
76,90,242
96,48,192
10,26,46
45,57,147
29,75,133
26,57,109
6,19,31
97,1,99
89,44,177
9,63,81
15,87,117
6,81,93
34,0,34
85,26,137
14,26,54
24,63,111
17,89,123
92,31,154
65,24,113
56,25,106
77,21,119
35,80,150
47,3,53
70,2,74
6,14,26
45,94,184
74,80,228
23,3,29
25,55,105
7,66,80
38,58,134
17,27,61
14,81,109
95,4,103
83,32,147
37,77,151
10,10,30
21,11,43
33,54,120
9,7,23
80,73,226
68,81,217
80,64,208
20,38,78
95,86,267
0,95,95
98,27,152
68,89,225
24,21,66
37,83,157
87,63,213
43,8,59
20,100,140
18,79,115
12,42,66
28,52,108
82,19,120
50,4,58
51,35,121
41,100,182
64,96,224
10,65,85
88,13,114
10,52,72
76,38,152
43,58,144
17,8,33
43,39,121
78,76,230
44,81,169
1,88,90
14,46,74
41,68,150
28,11,50
70,79,219
80,15,110
3,42,48
33,5,43
12,42,66
72,46,164
39,6,51
94,62,218
24,39,87
82,0,82
38,34,106
52,87,191
58,28,114
44,7,58
18,13,44
78,2,82
96,88,272
19,16,51
27,16,59
12,26,50
92,97,281
73,44,161
66,77,209
7,86,100
49,35,119
39,30,99
34,57,125
86,50,186
71,43,157
75,70,215
40,46,126
78,0,78
95,2,99
0,35,35
99,3,105
94,23,140
61,93,215
34,58,126
35,72,142
91,13,117
6,99,111
84,30,144
76,73,222
40,70,150
74,61,196
46,20,86
48,90,186
20,95,135
49,26,101
31,86,148
97,47,191
76,3,82
67,78,212
42,72,156
27,64,118
66,80,212
41,96,178
93,70,233
100,50,200
91,34,159
78,96,252
27,32,86
88,51,190
11,29,51
11,27,49
69,45,159
98,12,122
20,75,115
48,62,158
95,46,187
64,22,108
68,86,222
20,55,95
33,78,144
62,92,216
94,55,204
79,87,245
71,95,237
10,30,50
37,13,63
15,88,118
79,94,252
56,11,78
33,81,147
93,72,237
3,98,104
53,78,184
23,26,72
8,25,41
14,13,40
81,11,103
88,40,168
3,77,83
9,15,33
47,66,160
5,94,104
21,4,29
87,76,239
60,52,164
58,44,146
42,74,158
76,18,112
35,24,83
30,82,142
75,83,233
24,100,148
18,37,73
3,61,67
56,93,205
98,6,110
57,47,151
7,27,41
29,30,88
22,35,79
51,95,197
16,57,89
27,13,53
17,32,66
22,95,139
51,52,154
7,5,17
45,64,154
88,29,146
36,27,90
94,93,280
31,19,69
51,35,121
52,78,182
55,44,143
13,60,86
23,63,109
62,32,126
4,98,106
51,25,101
77,53,183
6,92,104
37,94,168
87,78,243
25,97,147
33,84,150
88,24,136
70,57,184
99,38,175
0,45,45
99,88,275
68,32,132
22,90,134
8,9,25
41,56,138
26,51,103
93,25,143
18,86,122
69,94,232
28,95,151
54,55,163
4,54,62
33,74,140
80,37,154
28,98,154
69,21,111
25,34,84
24,75,123
84,93,261
38,30,98
40,43,123
35,34,103
35,65,135
86,91,263
81,68,217
11,31,53
52,58,162
15,4,23
45,99,189
76,6,88
89,5,99
50,77,177
93,21,135
4,73,81
8,8,24
23,59,105
84,96,264
63,28,119
90,14,118
11,20,42
3,28,34
78,10,98
73,62,197
38,19,76
82,48,178
49,93,191
66,57,180
22,40,84
64,88,216
6,13,25
44,33,110
94,68,230
73,16,105
72,62,196
5,19,29
25,61,111
67,56,179
92,10,112
72,66,204
56,65,177
38,69,145
27,82,136
61,68,190
72,47,166
97,99,293
43,2,47
70,80,220
76,79,231
2,58,62
82,38,158
12,69,93
23,31,77
25,51,101
35,15,65
24,92,140
86,31,148
40,36,112
23,67,113
93,95,281
26,74,126
87,49,185
71,11,93
85,83,251
21,67,109
81,97,259
69,67,203
95,4,103
8,5,18
83,29,141
95,61,217
39,29,97
15,28,58
52,57,161
18,91,127
58,59,175
85,45,175
22,92,136
9,54,72
71,11,93
39,49,127
60,70,190
42,39,120
8,39,55
16,82,114
0,56,56
84,64,212
69,63,195
47,60,154
0,12,12
57,19,95
88,32,152
41,28,97
17,26,60
54,60,168
24,70,118
76,5,86
18,40,76
42,71,155
96,16,128
99,81,261
1,90,92
24,35,83
23,59,105
32,60,124
87,67,221
19,11,41
53,58,164
85,26,137
6,2,10
97,94,285
22,4,30
5,80,90
71,93,235
59,90,208
97,23,143
64,22,108
92,29,150
28,76,132
95,69,233
55,25,105
88,81,250
73,62,197
78,16,110
91,5,101
0,39,39
54,55,163
3,63,69
3,92,98
7,47,61
65,26,117
66,93,225
48,64,160
40,7,54
75,1,77
4,27,35
81,83,245
72,64,200
25,61,111
95,37,169
45,37,119
43,18,79
3,90,96
43,63,149
57,83,197
29,83,141
37,16,69
88,37,162
32,54,118
86,16,118
56,3,62
86,32,150
6,98,110
2,53,57
30,34,94
3,71,77
77,25,127
73,73,219
51,100,202
38,76,152
32,75,139
5,76,86
92,27,146
23,76,122
32,42,106
31,84,146
42,80,164
22,53,97
53,70,176
24,78,126
28,65,121
48,39,126
75,69,213
33,82,148
78,47,172
25,60,110
40,6,52
66,42,150
40,49,129
96,74,244
31,8,47
93,45,183
96,98,290
23,55,101
54,5,64
43,42,127
72,61,194
60,35,130
87,43,173
100,82,264
21,90,132
80,33,146
59,37,133
45,63,153
97,96,289
70,66,202
15,18,48
71,35,141
96,96,288
53,84,190
59,14,87
48,28,104
83,78,239
54,14,82
70,100,240
58,64,180
68,64,196
76,33,142
59,67,185
63,21,105
4,39,47
73,12,97
23,22,67
21,74,116
5,22,32
71,62,195
93,85,263
62,19,100
69,39,147
14,27,55
51,57,159
23,84,130
77,77,231
19,89,127
16,55,87
92,17,126
10,65,85
74,68,210
97,88,273
3,4,10
3,68,74
11,25,47
30,44,104
70,10,90
65,31,127
17,12,41
16,33,65
52,20,92
82,10,102
94,0,94
28,25,78
23,58,104
27,74,128
39,99,177
48,7,62
93,99,285
74,9,92
92,93,277
69,67,203
75,99,249
97,82,261
67,99,233
100,33,166
53,85,191
63,35,133
34,40,108
13,4,21
60,28,116
44,58,146
77,29,135
24,68,116
50,1,52
59,46,151
79,8,95
38,37,112
97,73,243
48,12,72
25,65,115
67,27,121
98,42,182
91,34,159
75,99,249
20,5,30
35,69,139
97,80,257
29,11,51
21,6,33
39,88,166
21,18,57
54,29,112
48,19,86
66,73,205
50,20,90
45,82,172
76,69,214
97,56,209
11,70,92
3,0,3
85,11,107
25,75,125
74,55,184
88,30,148
98,50,198
84,92,260
53,10,73
14,38,66
74,56,186
29,18,65
19,23,61
78,33,144
56,3,62
4,68,76
1,28,30
24,20,64
97,86,269
94,60,214
60,19,98
45,16,77
40,79,159
60,72,192
28,41,97
59,44,147
40,6,52
82,45,172
42,2,46
54,64,172
36,5,46
28,42,98
61,73,195
45,92,182
12,3,18
22,45,89
47,84,178
47,75,169
25,11,47
1,55,57
48,0,48
42,71,155
53,76,182
5,33,43
69,76,214
52,39,130
89,39,167
26,81,133
83,47,177
50,76,176
10,36,56
81,44,169
10,82,102
84,51,186
98,7,112
74,22,118
15,16,46
63,71,197
86,19,124
47,54,148
75,74,223
87,87,261
20,32,72
46,59,151
22,78,122
6,3,12
97,7,111
40,74,154
56,39,134
35,4,43
47,91,185
53,60,166
40,60,140
42,53,137
85,74,233
27,70,124
85,38,161
28,96,152
49,89,187
90,6,102
80,97,257
100,37,174
51,26,103
35,66,136
67,29,125
35,100,170
7,32,46
23,29,75
82,12,106
97,40,177
31,23,77
85,53,191
44,59,147
18,60,96
30,20,70
82,43,168
47,36,119
91,37,165
56,24,104
36,33,102
23,24,70
82,97,261
77,46,169
62,69,193
11,13,35
84,80,244
19,3,25
92,24,140
68,74,210
32,51,115
31,20,71
27,23,73
30,66,126
26,18,62
98,74,246
21,66,108
45,98,188
35,59,129
65,10,85
15,34,64
46,28,102
98,35,168
96,98,290
8,49,65
31,64,126
42,54,138
85,81,247
47,37,121
49,49,147
100,76,252
53,6,65
47,91,185
56,84,196
30,30,90
0,44,44
35,63,133
9,68,86
74,47,168
69,70,208
100,75,250
4,45,53
4,77,85
0,64,64
27,82,136
29,28,85
10,39,59
48,47,142
43,59,145
89,97,275
75,27,129
25,32,82
36,51,123
62,59,180
10,69,89
63,69,195
58,71,187
95,34,163
7,61,75
15,76,106
90,28,146
51,67,169
68,51,170
38,49,125
94,56,206
88,66,220
28,37,93
79,42,163
6,67,79
18,68,104
67,66,199
38,53,129
100,38,176
67,31,129
36,91,163
73,58,189
74,61,196
21,62,104
50,53,153
19,84,122
64,82,210
88,67,222
36,24,84
12,62,86
11,83,105
74,43,160
77,97,251
5,0,5
17,20,54
7,12,26
6,34,46
35,93,163
59,73,191
59,1,61
60,61,181
65,18,101
66,49,164
79,37,153
43,84,170
91,89,269
58,91,207
51,12,75
69,60,189
63,63,189
20,56,96
99,80,259
17,24,58
96,49,194
19,2,23
21,0,21
26,100,152
31,53,115
75,88,238
94,52,198
89,30,149
48,40,128
5,28,38
21,86,128
78,81,237
86,10,106
58,58,174
99,79,257
100,4,108
23,78,124
78,27,132
24,41,89
94,16,126
48,91,187
80,96,256
75,24,123
30,71,131
14,88,116
12,66,90
76,64,204
24,66,114
96,53,202
26,41,93
36,81,153
53,39,131
8,87,103
80,28,136
90,35,160
75,6,87
84,88,256
59,39,137
61,82,204
70,16,102
11,40,62
94,16,126
42,50,134
47,7,61
28,13,54
6,40,52
11,57,79
11,99,121
5,24,34
88,52,192
1,83,85
79,48,175
25,1,27
85,19,123
92,86,264
74,100,248
64,88,216
45,41,127
21,84,126
9,13,31
82,89,253
0,9,9
10,97,117
100,36,172
7,44,58
48,76,172
1,17,19
41,29,99
30,27,84
81,61,203
36,22,80
36,8,52
15,21,51
17,64,98
94,28,150
27,46,100
81,49,179
45,16,77
59,40,139
14,42,70
92,52,196
11,58,80
26,25,76
94,37,168
72,32,136
61,45,151
58,31,120
1,88,90
81,92,254
86,0,86
18,16,50
1,72,74
70,6,82
19,43,81
16,56,88
96,23,142
23,60,106
39,6,51
6,43,55
100,77,254
5,38,48
99,45,189
18,42,78
26,29,81
16,34,66
2,52,56
2,95,99
65,44,153
25,76,126
94,55,204
62,10,82
34,57,125
2,19,23
43,30,103
56,92,204
73,97,243
75,74,223
87,82,251
80,46,172
2,19,23
87,65,217
49,78,176
27,79,133
48,55,151
9,74,92
47,41,129
66,65,196
84,9,102
32,74,138
62,64,188
80,35,150
55,92,202
40,3,46
67,19,105
3,51,57
92,80,252
81,88,250
0,73,73
9,44,62
19,68,106
30,52,112
87,88,262
27,83,137
89,19,127
29,81,139
29,22,73
38,0,38
36,24,84
99,1,101
46,8,62
67,28,123
38,8,54
63,95,221
57,23,103
24,36,84
100,10,120
34,60,128
34,62,130
72,83,227
86,23,132
91,90,271
43,89,175
68,52,172
15,27,57
45,28,101
74,4,82
58,44,146
14,34,62
70,11,92
88,27,142
98,38,174
72,54,180
9,79,97
82,19,120
36,43,115
77,38,153
74,17,108
5,65,75
58,4,66
62,74,198
77,17,111
48,100,196
56,91,203
32,37,101
47,45,137
45,68,158
15,60,90
19,78,116
82,46,174
24,29,77
21,88,130
81,21,123
58,24,106
14,28,56
17,49,83
47,82,176
12,8,28
20,30,70
76,27,130
19,98,136
58,1,60
55,81,191
52,29,110
21,96,138
55,97,207
14,22,50
31,11,53
61,94,216
57,46,149
67,42,151
59,51,161
22,11,44
57,79,193
52,1,54
10,55,75
35,100,170
34,39,107
8,7,22
39,61,139
28,96,152
92,15,122
67,55,177
42,67,151
61,93,215
13,56,82
86,41,168
44,34,112
55,23,101
9,27,45
7,80,94
9,7,23
42,93,177
4,31,39
97,45,187
13,15,41
7,77,91
51,45,141
54,27,108
28,19,66
11,71,93
45,29,103
84,15,114
47,30,107
83,44,171
15,22,52
66,75,207
95,1,97
99,87,273
56,59,171
56,13,82
93,70,233
78,71,220
10,76,96
81,93,255
88,63,214
24,49,97
34,56,124
18,87,123
9,51,69
93,44,181
0,34,34
3,54,60
40,73,153
22,96,140
50,51,151
45,54,144
46,19,84
89,78,245
17,78,112
50,40,130
18,66,102
41,46,128
6,36,48
88,54,196
18,24,60
86,30,146
49,5,59
61,83,205
94,43,180
89,20,129
62,80,204
3,40,46
92,78,248
39,7,53
43,0,43
11,16,38
61,52,165
86,76,238
23,49,95
49,8,65
36,86,158
96,94,284
90,61,212
44,96,184
90,63,216
60,74,194
77,13,103
8,61,77
39,91,169
52,24,100
45,69,159
65,45,155
97,44,185
94,70,234
90,37,164
9,40,58
55,3,61
64,84,212
70,22,114
49,20,89
71,28,127
48,85,181
86,20,126
49,14,77
9,68,86
53,93,199
65,75,205
13,53,79
79,4,87
82,80,242
76,3,82
76,48,172
74,59,192
70,21,112
60,81,201
86,9,104
11,34,56
19,74,112
21,58,100
27,33,87
69,3,75
39,7,53
89,14,117
73,69,211
14,76,104
64,70,198
27,50,104
76,13,102
31,22,75
44,36,116
20,56,96
85,87,257
5,1,7
51,76,178
74,58,190
12,26,50
17,78,112
79,9,97
96,79,254
92,80,252
12,46,70
33,18,69
88,38,164
36,41,113
26,22,70
77,33,143
64,12,88
16,100,132
53,46,145
71,38,147
45,17,79
24,59,107
78,12,102
6,58,70
51,89,191
39,41,119
57,25,107
70,16,102
0,79,79
34,63,131
94,5,104
74,95,243
13,8,29
86,92,264
26,83,135
20,19,58
38,98,174
64,4,72
13,79,105
55,100,210
63,83,209
29,5,39
37,36,109
33,31,95
35,91,161
74,12,98
3,100,106
7,39,53
84,95,263
34,74,142
24,74,122
85,46,177
2,86,90
47,33,113
14,58,86
69,7,83
23,92,138
75,38,151
10,83,103
24,12,48
90,12,114
32,88,152
19,56,94
78,51,180
99,10,119
58,20,98
72,47,166
33,31,95
66,70,202
10,19,39
75,51,177
65,64,193
94,55,204
52,16,84
17,77,111
28,21,70
42,15,72
34,95,163
33,99,165
78,99,255
68,34,136
35,65,135
80,84,244
12,47,71
63,44,151
65,11,87
72,9,90
5,13,23
58,94,210
29,56,114
62,64,188
24,73,121
22,47,91
25,73,123
7,24,38
31,89,151
20,97,137
32,51,115
10,90,110
20,93,133
52,54,158
43,47,133
4,18,26
85,48,181
53,99,205
3,45,51
14,11,36
17,66,100
34,31,96
12,68,92
91,3,97
61,17,95
7,43,57
78,83,239
10,93,113
2,53,57
24,78,126
99,42,183
39,60,138
93,9,111
90,98,278
27,79,133
79,2,83
100,63,226
48,4,56
3,61,67
95,70,235
37,79,153
63,32,127
68,67,202
10,55,75
55,25,105
33,83,149
38,19,76
69,38,145
62,16,94
59,14,87
23,65,111
50,82,182
23,86,132
95,70,235
71,65,201
97,35,167
61,44,149
95,55,205
55,20,95
63,23,109
64,19,102
88,15,118
65,44,153
22,45,89
92,9,110
58,33,124
14,30,58
26,9,44
57,99,213
26,100,152
55,54,163
93,9,111
15,1,17
99,74,247
44,98,186
79,83,241
34,43,111
67,24,115
55,70,180
89,20,129
16,56,88
73,90,236
43,4,51
29,75,133
40,38,116
36,75,147
66,93,225
70,30,130
25,87,137
10,90,110
70,57,184
59,20,99
67,86,220
21,100,142
87,17,121
16,22,54
26,6,38
12,3,18
6,25,37
98,43,184
83,65,213
20,44,84
7,28,42
50,100,200
92,91,274
12,41,65
12,11,34
14,56,84
89,87,263
11,35,57
25,38,88
33,95,161
97,6,109
26,70,122
80,31,142
93,100,286
82,32,146
67,96,230
47,86,180
100,45,190
13,16,42
36,84,156
100,82,264
60,86,206
59,9,77
51,76,178
64,73,201
6,41,53
62,99,223
50,58,158
92,74,240
46,20,86
97,67,231
42,66,150
36,88,160
81,100,262
77,41,159
63,0,63
4,38,46
67,94,228
40,88,168
96,21,138
27,63,117
94,89,272
38,43,119
96,1,98
82,14,110
85,15,115
20,10,40
84,9,102
41,16,73
83,22,127
15,40,70
88,68,224
46,9,64
68,8,84
72,24,120
4,79,87
57,22,101
59,73,191
61,66,188
38,64,140
89,12,113
33,34,100
39,67,145
86,27,140
63,98,224
41,33,107
70,38,146
0,85,85
0,47,47
39,54,132
35,53,123
43,80,166
61,34,129
21,8,37
99,55,209
12,94,118
72,90,234
89,94,272
15,79,109
88,29,146
62,26,114
51,81,183
35,92,162
15,19,49
89,90,268
45,89,179
99,21,141
58,38,134
77,98,252
34,0,34
13,83,109
3,23,29
5,62,72
79,85,243
9,81,99
97,25,147
78,84,240
68,74,210
86,8,102
4,56,64
86,84,254
89,41,171
85,77,239
95,74,243
72,41,154
92,94,278
33,16,65
24,98,146
8,41,57
86,62,210
70,38,146
65,6,77
11,56,78
23,63,109
36,81,153
17,53,87
87,5,97
61,85,207
13,60,86
94,48,190
20,21,61
1,57,59
44,46,134
73,30,133
10,73,93
27,13,53
5,70,80
19,97,135
85,20,125
10,59,79
77,70,217
13,81,107
40,68,148
91,55,201
40,14,68
84,25,134
11,8,27
89,60,209
49,44,137
18,30,66
83,13,109
31,79,141
37,28,93
75,93,243
77,26,129
44,72,160
38,2,42
92,59,210
40,67,147
65,45,155
96,30,156
27,88,142
78,73,224
31,1,33
55,65,175
37,1,39
76,69,214
73,46,165
11,87,109
50,4,58
46,11,68
21,50,92
7,72,86
89,7,103
76,12,100
49,23,95
94,72,238
35,37,107
46,52,144
86,93,265
92,86,264
34,99,167
61,48,157
67,68,202
69,82,220
87,91,265
8,15,31
26,4,34
71,3,77
100,39,178
47,62,156
11,79,101
72,78,222
55,13,81
49,47,143
23,49,95
89,79,247
18,54,90
33,40,106
52,86,190
14,45,73
34,54,122
44,59,147
2,0,2
32,16,64
61,24,109
5,5,15
78,91,247
32,66,130
0,41,41
59,5,69
49,13,75
56,98,210
35,71,141
95,41,177
47,74,168
0,81,81
93,67,227
40,25,90
4,39,47
32,76,140
31,35,97
87,93,267
56,76,188
86,91,263
25,24,73
69,1,71
25,87,137
17,27,61
48,52,148
62,2,66
14,96,124
81,22,125
67,63,193
68,99,235
10,2,14
82,55,192
68,89,225
73,7,87
98,74,246
21,31,73
69,100,238
15,30,60
97,21,139
18,45,81
41,90,172
19,30,68
1,75,77
13,24,50
11,18,40
49,44,137
22,52,96
53,76,182
92,43,178
86,14,114
59,47,153
90,68,226
6,69,81
7,100,114
36,22,80
54,51,156
11,62,84
34,43,111
97,81,259
93,47,187
79,31,141
99,49,197
89,66,221
89,31,151
22,30,74
64,24,112
65,3,71
7,58,72
48,1,50
52,80,184
92,7,106
32,67,131
12,90,114
79,73,225
15,28,58
78,80,236
30,67,127
20,63,103
11,88,110
2,26,30
8,61,77
83,94,260
33,41,107
70,25,120
4,35,43
7,73,87
5,86,96
29,14,57
17,62,96
85,29,143
81,23,127
69,74,212
83,26,135
13,65,91
54,53,160
65,52,169
73,70,213
18,17,52
51,89,191
90,90,270
33,86,152
84,37,158
14,50,78
80,91,251
70,97,237
38,11,60
32,64,128
24,89,137
56,13,82
31,80,142
22,59,103
44,57,145
75,15,105
87,85,257
99,28,155
15,79,109
85,66,217
42,46,130
97,94,285
20,20,60
89,33,155
72,39,150
16,77,109
52,31,114
79,100,258
17,3,23
83,75,233
37,16,69
13,37,63
32,57,121
24,12,48
2,41,45
66,55,176
44,59,147
71,43,157
11,12,34
61,56,173
28,39,95
57,46,149
7,71,85
36,12,60
62,78,202
55,34,123
86,61,208
41,66,148
89,48,185
42,31,104
63,3,69
72,35,142
64,89,217
66,5,76
3,52,58
49,57,155
28,50,106
97,84,265
12,79,103
45,61,151
66,22,110
9,35,53
78,74,226
61,69,191
17,24,58
10,80,100
37,43,117
55,40,135
50,93,193
18,43,79
17,100,134
26,23,72
5,13,23
80,85,245
26,83,135
65,79,209
63,6,75
72,17,106
50,45,140
100,78,256
63,75,201
98,100,296
16,98,130
17,86,120
81,18,117
2,26,30
4,66,74
61,98,220
10,86,106
92,57,206
89,68,225
68,41,150
80,5,90
97,82,261
90,32,154
89,49,187
13,3,19
58,28,114
77,83,237
53,3,59
15,9,33
55,78,188
86,50,186
55,71,181
49,34,117
89,10,109
5,72,82
52,6,64
51,75,177
14,58,86
80,5,90
99,6,111
72,17,106
45,86,176
71,57,185
56,79,191
55,68,178
66,57,180
37,58,132
68,73,209
96,91,278
50,47,144
8,85,101
12,18,42
48,4,56
55,6,67
85,100,270
45,54,144
39,75,153
84,31,146
97,95,287
55,22,99
73,36,145
98,81,260
55,82,192
98,96,290
71,49,169
7,8,22
63,16,95
12,67,91
23,21,65
1,12,14
93,26,145
11,31,53
79,2,83
15,4,23
21,98,140
23,18,59
94,78,250
73,11,95
33,1,35
13,21,47
50,29,108
77,35,147
39,61,139
30,26,82
32,80,144
92,36,164
20,46,86
10,77,97
18,92,128
84,86,254
21,18,57
100,4,108
68,38,144
18,13,44
56,37,130
4,44,52
24,44,92
35,6,47
41,30,101
19,39,77
7,54,68
88,32,152
96,42,180
99,41,181
68,76,212
40,22,84
100,67,234
53,92,198
100,41,182
15,45,75
99,95,289
62,28,118
75,4,83
83,24,131
97,29,155
91,71,233
48,99,195
15,19,49
99,57,213
30,90,150
44,16,76
1,32,34
3,41,47
47,90,184
64,65,193
72,51,174
47,61,155
25,0,25
72,28,128
97,90,277
32,53,117
7,57,71
57,71,185
51,14,79
95,55,205
27,98,152
79,0,79
30,39,99
35,23,81
85,0,85
49,83,181
35,96,166
94,23,140
42,73,157
22,78,122
19,45,83
15,58,88
31,51,113
20,87,127
0,1,1
13,17,43
21,47,89
28,51,107
20,62,102
69,67,203
95,49,193
56,89,201
21,22,64
8,52,68
58,66,182
73,14,101
27,10,47
17,36,70
80,95,255
49,80,178
69,75,213
60,70,190
15,33,63
72,13,98
84,57,198
71,36,143
84,22,128
86,53,192
91,58,207
2,85,89
80,35,150
64,38,140
73,94,240
69,87,225
6,22,34
84,47,178
11,65,87
0,41,41
55,72,182
78,91,247
42,55,139
10,16,36
43,36,115
19,62,100
43,76,162
90,90,270
38,60,136
33,50,116
77,51,179
42,88,172
27,25,77
1,77,79
52,6,64
85,73,231
4,61,69
16,13,42
81,46,173
80,73,226
85,90,260
50,21,92
48,5,58
4,67,75
59,99,217
83,67,217
50,95,195
58,5,68
24,10,44
16,26,58
80,15,110
5,11,21
12,39,63
59,2,63
73,34,141
45,77,167
25,34,84
46,75,167
36,3,42
59,43,145
70,83,223
47,49,143
45,16,77
47,37,121
81,27,135
50,44,138
73,77,223
66,79,211
82,61,204
71,64,199
73,31,135
29,50,108
5,4,13
61,92,214
94,55,204
21,24,66
38,37,112
32,96,160
57,88,202
81,18,117
9,49,67
29,13,55
46,40,126
47,59,153
89,74,237
64,34,132
12,88,112
97,13,123
91,64,219
43,64,150
81,94,256
98,69,236
26,3,32
25,74,124
70,81,221
16,66,98
54,56,164
16,76,108
83,68,219
14,57,85
75,38,151
51,99,201
95,4,103
43,77,163
73,36,145
24,76,124
16,70,102
69,43,155
62,66,190
6,53,65
35,100,170
73,28,129
55,46,147
45,98,188
59,80,198
33,48,114
94,60,214
86,33,152
23,74,120
71,77,219
84,37,158
13,82,108
95,37,169
31,79,141
4,2,8
25,79,129
76,27,130
31,22,75
42,36,114
4,99,107
90,90,270
16,34,66
23,93,139
0,75,75
2,33,37
89,51,191
81,43,167
30,91,151
33,67,133
28,100,156
24,83,131
51,72,174
19,87,125
62,89,213
4,72,80
42,45,129
94,1,96
13,14,40
39,15,69
70,13,96
73,90,236
84,94,262
76,23,122
77,59,195
10,61,81
47,22,91
39,11,61
26,48,100
48,84,180
4,32,40
47,48,142
80,44,168
56,3,62
99,34,167
51,57,159
39,25,89
73,53,179
19,51,89
38,27,92
17,19,53
83,45,173
44,1,46
68,66,200
17,19,53
26,62,114
51,8,67
91,77,245
46,4,54
2,19,23
74,54,182
28,53,109
41,22,85
14,66,94
50,92,192
66,20,106
100,24,148
13,17,43
1,98,100
7,72,86
75,21,117
99,9,117
75,69,213
63,3,69
20,88,128
66,85,217
69,28,125
96,23,142
12,1,14
51,57,159
78,55,188
76,9,94
49,57,155
45,41,127
45,36,117
97,34,165
54,20,94
35,77,147
96,48,192
61,62,184
60,6,72
84,55,194
41,23,87
87,7,101
33,21,75
86,14,114
72,7,86
59,95,213
63,51,165
34,2,38
93,54,201
27,55,109
82,78,238
21,10,41
98,78,254
80,84,244
46,3,52
2,33,37
29,63,121
93,93,279
30,72,132
40,79,159
92,44,180
45,94,184
92,53,198
79,4,87
27,33,87
87,60,207
82,70,222
85,69,223
72,76,220
33,46,112
4,83,91
85,4,93
28,74,130
38,40,116
39,41,119
35,4,43
39,25,89
80,9,98
12,56,80
8,31,47
79,89,247
42,11,64
79,50,179
40,84,164
91,61,213
54,68,176
82,50,182
97,80,257
43,24,91
23,54,100
29,45,103
98,59,216
53,37,127
3,94,100
16,42,74
52,6,64
54,49,152
89,43,175
64,44,152
3,67,73
31,81,143
11,53,75
96,80,256
54,48,150
84,98,266
21,56,98
20,42,82
73,66,205
95,40,175
76,50,176
5,31,41
15,35,65
6,26,38
7,2,11
69,89,227
53,77,183
3,56,62
2,12,16
42,48,132
92,83,258
22,84,128
80,46,172
97,58,213
36,47,119
39,17,73
2,82,86
88,35,158
74,31,136
61,94,216
87,14,115
3,95,101
31,48,110
22,13,48
49,95,193
41,66,148
54,73,181
95,20,135
75,24,123
75,89,239
43,78,164
29,42,100
43,64,150
83,27,137
86,91,263
12,38,62
91,30,151
66,94,226
25,17,59
16,68,100
12,68,92
8,12,28
40,87,167
42,11,64
33,27,87
45,12,69
77,15,107
73,10,93
55,34,123
10,70,90
6,30,42
5,57,67
49,21,91
23,39,85
24,91,139
27,52,106
55,44,143
97,28,153
39,93,171
82,91,255
45,73,163
93,54,201
31,24,79
24,63,111
11,37,59
63,35,133
30,30,90
94,40,174
70,93,233
58,96,212
50,92,192
59,67,185
22,13,48
31,80,142
19,70,108
55,36,127
80,48,176
25,13,51
97,51,199
87,64,215
34,61,129
79,82,240
3,38,44
49,18,85
2,80,84
18,42,78
100,56,212
34,50,118
5,66,76
80,57,194
80,92,252
50,93,193
85,66,217
14,86,114
49,65,163
94,81,256
90,54,198
64,86,214
92,21,134
4,20,28
57,60,174
70,34,138
29,16,61
59,65,183
19,15,49
20,26,66
77,14,105
86,14,114
93,3,99
15,87,117
33,47,113
77,10,97
69,67,203
5,71,81
84,73,230
31,29,89
5,48,58
52,53,157
54,54,162
61,61,183
97,8,113
41,30,101
90,57,204
7,83,97
78,45,168
99,57,213
23,4,31
50,46,142
1,50,52
12,14,38
58,31,120
70,57,184
10,78,98
5,97,107
47,77,171
10,70,90
33,14,61
3,8,14
62,5,72
87,70,227
86,66,218
49,39,127
11,8,27
44,58,146
16,66,98
43,28,99
15,64,94
31,68,130
1,93,95
23,8,39
58,5,68
3,1,5
78,16,110
35,85,155
4,77,85
27,89,143
17,24,58
95,45,185
36,54,126
26,5,36
8,30,46
54,79,187
68,85,221
61,68,190
73,30,133
93,6,105
34,45,113
3,77,83
82,34,150
62,65,189
89,52,193
28,14,56
12,71,95
90,90,270
4,5,13
100,9,118
42,28,98
8,47,63
2,78,82
24,40,88
74,46,166
81,16,113
94,97,285
79,21,121
49,36,121
0,11,11
91,54,199
80,27,134
89,48,185
67,6,79
60,78,198
92,11,114
68,0,68
76,35,146
33,15,63
1,74,76
4,28,36
14,78,106
61,63,185
51,34,119
86,20,126
7,10,24
90,38,166
65,66,196
51,13,77
40,9,58
41,51,133
89,100,278
45,38,121
50,0,50
92,58,208
98,14,126
87,22,131
4,43,51
28,88,144
26,89,141
49,52,150
14,79,107
2,20,24
56,89,201
25,32,82
46,67,159
82,71,224
25,57,107
4,70,78
64,47,158
69,5,79
59,64,182
100,48,196
31,61,123
47,52,146
27,62,116
97,68,233
1,88,90
53,59,165
72,60,192
84,47,178
2,46,50
45,40,125
48,32,112
55,30,115
86,39,164
5,100,110
16,79,111
55,56,166
75,81,231
6,83,95
1,75,77
0,72,72
63,43,149
47,69,163
40,3,46
5,13,23
4,81,89
90,94,274
78,10,98
21,97,139
48,40,128
97,51,199
92,45,182
74,8,90
32,74,138
9,41,59
9,91,109
26,100,152
45,37,119
96,20,136
69,81,219
29,92,150
4,4,12
2,12,16
77,1,79
73,97,243
92,12,116
69,76,214
97,87,271
69,5,79
64,81,209
4,27,35
20,22,62
15,41,71
6,25,37
94,13,120
17,74,108
33,34,100
58,74,190
10,66,86
68,97,233
47,45,137
73,95,241
19,91,129
100,20,140
30,29,88
7,33,47
53,28,109
76,100,252
26,55,107
88,75,238
22,27,71
38,20,78
11,90,112
38,57,133
10,77,97
10,7,24
50,1,52
54,22,98
53,25,103
87,68,223
44,6,56
95,45,185
74,23,120
40,10,60
54,21,96
34,73,141
44,11,66
31,95,157
79,75,229
25,13,51
50,11,72
56,44,144
0,13,13
93,86,265
49,52,150
52,94,198
25,85,135
45,71,161
66,92,224
54,75,183
66,82,214
30,75,135
77,30,137
60,64,184
73,26,125
76,41,158
28,20,68
49,68,166
48,79,175
77,27,131
91,100,282
85,90,260
35,58,128
14,70,98
75,78,228
25,47,97
19,16,51
47,44,135
68,36,140
9,33,51
44,94,182
8,74,90
12,75,99
91,91,273
61,1,63
61,20,101
61,59,179
85,94,264
25,15,55
60,76,196
100,65,230
7,97,111
99,37,173
15,27,57
83,34,151
84,30,144
88,4,96
90,55,200
10,17,37
38,80,156
65,26,117
81,43,167
3,65,71
9,14,32
65,94,224
31,24,79
10,2,14
73,11,95
96,97,289
63,60,183
22,80,124
73,3,79
22,4,30
6,22,34
89,15,119
70,75,215
74,67,208
4,69,77
5,2,9
83,96,262
85,30,145
71,1,73
43,71,157
71,12,95
50,35,120
85,77,239
86,94,266
19,7,33
3,45,51
12,3,18
44,22,88
84,46,176
48,86,182
28,63,119
95,31,157
99,16,131
52,82,186
10,43,63
73,76,222
26,96,148
91,49,189
46,9,64
1,14,16
37,24,85
75,2,79
50,29,108
29,39,97
32,94,158
41,98,180
68,48,164
12,61,85
58,99,215
86,5,96
43,21,85
54,42,138
77,76,229
7,29,43
50,27,104
4,2,8
48,77,173
29,16,61
52,77,181
28,60,116
54,26,106
1,54,56
6,80,92
2,8,12
98,54,206
34,16,66
25,51,101
23,65,111
89,36,161
30,85,145
34,40,108
6,43,55
10,43,63
80,24,128
90,9,108
14,10,34
6,45,57
75,90,240
35,66,136
16,17,49
18,96,132
2,66,70
54,82,190
84,4,92
47,70,164
59,9,77
68,99,235
21,9,39
0,62,62
56,15,86
25,46,96
62,73,197
3,75,81
85,16,117
38,53,129
33,48,114
73,67,207
2,100,104
38,45,121
97,99,293
53,33,119
79,64,207
82,23,128
80,11,102
47,47,141
91,21,133
17,85,119
9,0,9
47,98,192
78,41,160
22,60,104
84,69,222
22,30,74
54,2,58
50,82,182
55,86,196
71,25,121
24,31,79
60,77,197
26,55,107
90,9,108
40,81,161
92,61,214
9,23,41
31,41,103
65,71,201
78,80,236
2,51,55
49,69,167
8,86,102
0,66,66
93,76,245
100,36,172
53,25,103
34,57,125
89,7,103
57,72,186
31,42,104
38,32,102
20,46,86
73,90,236
74,72,218
88,25,138
17,61,95
4,55,63
89,37,163
28,72,128
42,77,161
9,33,51
15,4,23
3,27,33
81,73,227
33,17,67
36,21,78
71,25,121
99,94,287
86,97,269
72,80,224
71,47,165
55,61,171
45,94,184
55,6,67
15,32,62
98,56,210
70,44,158
93,1,95
94,12,118
81,54,189
45,27,99
43,52,138
9,71,89
28,54,110
49,46,141
4,3,10
36,64,136
66,40,146
11,4,19
51,53,155
12,50,74
97,94,285
26,43,95
23,66,112
73,59,191
49,76,174
38,96,172
57,86,200
96,11,118
78,38,154
39,81,159
97,77,251
72,87,231
17,84,118
23,71,117
12,0,12
58,60,176
95,79,253
18,5,28
53,51,155
75,26,127
82,99,263
5,54,64
60,64,184
65,60,185
100,5,110
74,90,238
46,32,110
48,68,164
16,42,74
43,68,154
16,50,82
80,46,172
41,22,85
75,93,243
54,50,154
42,84,168
44,2,48
41,85,167
32,2,36
80,59,198
93,30,153
78,79,235
30,0,30
18,43,79
33,37,103
40,55,135
32,64,128
51,11,73
0,45,45
43,76,162
33,34,100
49,93,191
65,52,169
75,36,147
6,45,57
95,32,159
4,75,83
53,15,83
56,90,202
0,89,89
15,67,97
74,80,228
44,86,174
92,31,154
50,26,102
75,57,189
63,18,99
42,36,114
11,96,118
38,29,96
81,30,141
80,99,259
59,36,131
89,51,191
14,89,117
28,79,135
38,84,160
18,50,86
77,20,117
69,34,137
90,84,258
73,28,129
13,93,119
22,72,116
4,25,33
8,71,87
90,29,148
63,79,205
36,95,167
26,48,100
8,29,45
44,93,181
82,72,226
39,43,121
92,16,124
37,22,81
90,14,118
23,92,138
17,8,33
19,17,53
27,93,147
82,13,108
50,26,102
87,1,89
61,42,145
72,93,237
25,26,76
97,55,207
44,94,182
77,59,195
50,20,90
2,95,99
87,11,109
26,60,112
67,4,75
99,2,103
24,24,72
91,68,227
82,7,96
67,63,193
89,44,177
62,67,191
50,10,70
11,54,76
43,37,117
14,4,22
19,55,93
76,40,156
18,62,98
50,3,56
11,81,103
71,23,117
56,88,200
24,19,62
45,31,107
4,57,65
34,77,145
8,17,33
47,86,180
6,61,73
92,69,230
52,90,194
11,70,92
39,65,143
4,91,99
46,25,96
17,87,121
31,23,77
36,32,100
88,68,224
24,57,105
34,91,159
20,3,26
0,46,46
23,99,145
7,65,79
96,13,122
9,90,108
23,93,139
36,96,168
38,93,169
46,75,167
3,52,58
21,77,119
39,75,153
95,8,111
47,32,111
56,3,62
83,59,201
86,96,268
33,100,166
74,41,156
91,50,191
81,51,183
20,42,82
11,6,23
84,2,88
37,22,81
63,97,223
9,68,86
72,24,120
75,92,242
30,12,54
73,5,83
50,65,165
67,95,229
11,28,50
100,67,234
30,27,84
3,99,105
18,11,40
73,0,73
52,21,94
37,47,121
91,23,137
77,42,161
70,23,116
67,1,69
91,95,277
78,19,116
86,0,86
89,59,207
68,45,158
82,2,86
20,93,133
72,14,100
4,52,60
34,7,48
53,51,155
57,75,189
17,86,120
96,10,116
38,95,171
44,8,60
43,82,168
81,43,167
39,62,140
32,52,116
2,27,31
0,55,55
72,16,104
26,58,110
59,53,165
14,69,97
95,49,193
24,2,28
27,0,27
46,70,162
29,39,97
13,42,68
4,4,12
11,10,31
55,39,133
71,15,101
45,35,115
69,38,145
89,24,137
67,91,225
85,24,133
94,81,256
50,26,102
100,71,242
55,81,191
23,36,82
97,61,219
78,1,80
14,1,16
10,78,98
98,98,294
69,74,212
21,25,67
28,88,144
53,21,95
98,68,234
72,46,164
40,45,125
39,93,171
48,25,98
78,70,218
51,28,107
45,24,93
21,22,64
33,23,79
48,12,72
27,24,75
63,79,205
73,88,234
11,70,92
43,67,153
100,8,116
62,83,207
7,56,70
94,20,134
4,25,33
69,61,191
86,37,160
36,5,46
6,86,98
82,31,144
67,62,191
25,28,78
2,76,80
76,29,134
46,72,164
76,34,144
0,31,31
56,97,209
6,89,101
82,57,196
4,36,44
25,99,149
62,67,191
78,92,248
37,3,43
62,10,82
99,64,227
76,64,204
28,30,86
40,27,94
3,28,34
19,85,123
74,5,84
21,32,74
66,91,223
27,76,130
58,73,189
56,84,196
87,5,97
75,25,125
33,25,83
97,96,289
88,15,118
97,39,175
15,75,105
41,83,165
45,28,101
31,39,101
72,90,234
71,95,237
78,49,176
59,54,167
66,34,134
72,1,74
21,63,105
31,63,125
65,87,217
62,62,186
29,26,81
50,62,162
18,58,94
40,13,66
54,51,156
1,18,20
74,28,130
75,68,211
67,81,215
9,86,104
14,78,106
37,47,121
40,41,121
77,66,209
74,3,80
22,29,73
53,18,89
14,13,40
81,80,241
25,20,65
91,57,205
12,82,106
21,69,111
83,22,127
3,39,45
54,23,100
77,51,179
28,86,142
2,0,2
50,46,142
86,51,188
90,79,248
44,35,114
1,51,53
49,17,83
84,54,192
75,37,149
16,80,112
89,37,163
11,39,61
12,85,109
99,21,141
87,75,237
87,33,153
77,94,248
2,47,51
33,84,150
44,68,156
19,24,62
22,90,134
50,83,183
61,17,95
91,87,265
18,57,93
74,27,128
72,47,166
93,25,143
31,66,128
25,42,92
1,35,37
46,35,116
19,45,83
14,76,104
85,64,213
68,77,213
44,13,70
71,70,211
40,47,127
38,32,102
49,10,69
2,87,91
91,77,245
62,90,214
33,20,73
82,100,264
33,15,63
58,93,209
12,48,72
95,100,290
9,42,60
14,61,89
64,11,86
37,65,139
93,89,271
94,54,202
12,29,53
71,22,115
91,72,235
82,80,242
53,84,190
90,87,264
97,41,179
65,57,179
45,83,173
69,25,119
89,35,159
84,87,255
63,25,113
29,38,96
68,85,221
43,32,107
51,22,95
79,56,191
11,72,94
8,83,99
0,29,29
71,81,223
46,60,152
65,0,65
1,51,53
9,99,117
32,18,68
52,60,164
49,71,169
57,76,190
91,57,205
79,76,231
17,68,102
99,76,251
62,19,100
22,93,137
38,27,92
90,4,98
24,30,78
74,74,222
31,69,131
3,93,99
24,38,86
31,74,136
87,97,271
14,26,54
38,7,52
89,87,263
5,72,82
64,70,198
17,17,51
50,97,197
30,42,102
48,13,74
15,79,109
65,97,227
20,10,40
42,51,135
78,13,104
9,13,31
68,45,158
55,18,91
81,4,89
62,39,140
18,22,58
2,88,92
48,65,161
99,5,109
24,91,139
23,64,110
88,20,128
36,86,158
84,68,220
1,99,101
63,47,157
59,73,191
86,100,272
11,19,41
81,24,129
61,88,210
53,53,159
82,83,247
89,78,245
50,8,66
82,93,257
47,5,57
18,11,40
12,78,102
18,14,46
74,42,158
49,48,145
63,84,210
1,51,53
70,43,156
76,85,237
72,93,237
5,3,11
66,50,166
33,64,130
68,7,82
44,0,44
62,51,164
33,60,126
11,20,42
69,52,173
58,15,88
23,22,67
75,85,235
92,93,277
29,28,85
93,53,199
86,83,252
42,51,135
25,16,57
91,75,241
92,88,268
55,7,69
83,3,89
23,67,113
72,24,120
24,31,79
63,64,190
92,43,178
7,41,55
53,67,173
7,59,73
90,61,212
40,88,168
35,75,145
81,16,113
46,9,64
55,85,195
74,35,144
6,97,109
27,66,120
87,24,135
31,83,145
16,89,121
21,63,105
79,75,229
79,68,215
100,67,234
38,18,74
36,52,124
32,25,82
5,61,71
56,39,134
52,90,194
56,50,156
53,86,192
72,20,112
62,56,174
36,92,164
1,58,60
96,29,154
17,97,131
7,38,52
53,1,55
54,70,178
62,84,208
83,57,197
68,62,192
52,74,178
51,98,200
85,99,269
30,61,121
89,52,193
75,17,109
5,18,28
41,41,123
82,50,182
100,33,166
33,16,65
94,84,262
32,16,64
97,74,245
34,75,143
53,33,119
11,17,39
8,84,100
66,93,225
60,38,136
24,1,26
1,44,46
14,23,51
88,54,196
82,90,254
13,51,77
20,45,85
0,96,96
51,10,71
5,73,83
55,95,205
67,1,69
66,11,88
20,86,126
17,12,41
22,43,87
47,45,137
99,99,297
82,10,102
5,78,88
46,49,141
45,61,151
87,31,149
0,51,51
27,93,147
93,47,187
61,35,131
18,51,87
11,75,97
34,92,160
86,9,104
0,100,100
32,46,110
33,15,63
29,39,97
4,36,44
90,18,126
68,76,212
19,32,70
43,75,161
37,20,77
79,38,155
28,80,136
43,71,157
59,90,208
13,59,85
14,47,75
78,50,178
94,32,158
97,49,195
34,58,126
4,7,15
95,68,231
50,70,170
31,28,87
63,86,212
52,52,156
34,40,108
15,35,65
90,47,184
50,11,72
48,40,128
84,96,264
69,17,103
2,35,39
20,53,93
66,98,230
40,26,92
80,83,243
30,87,147
10,55,75
56,63,175
69,48,165
100,62,224
74,70,214
25,91,141
85,9,103
62,48,158
72,0,72
58,90,206
20,94,134
96,24,144
75,94,244
68,61,190
1,40,42
15,91,121
7,54,68
72,19,110
5,61,71
31,65,127
29,39,97
81,0,81
74,86,234
94,79,252
35,45,115
59,80,198
49,55,153
88,13,114
86,3,92
13,1,15
37,61,135
44,1,46
32,22,76
31,77,139
6,15,27
8,63,79
17,97,131
93,67,227
74,12,98
73,20,113
97,6,109
31,19,69
25,64,114
40,3,46
25,49,99
56,69,181
15,3,21
38,62,138
2,100,104
49,32,113
86,70,226
20,44,84
97,86,269
31,53,115
14,84,112
44,49,137
10,87,107
58,87,203
6,59,71
65,45,155
23,18,59
16,28,60
92,59,210
90,32,154
78,68,214
51,17,85
54,74,182
87,90,264
79,62,203
1,4,6
41,21,83
7,76,90
71,30,131
81,96,258
99,53,205
4,36,44
89,94,272
52,93,197
96,68,232
33,12,57
83,54,191
64,45,154
2,33,37
60,68,188
66,50,166
3,35,41
16,23,55
92,51,194
63,13,89
95,29,153
69,50,169
85,89,259
57,13,83
19,94,132
1,64,66
85,94,264
36,71,143
2,28,32
17,14,45
24,41,89
45,1,47
54,54,162
99,35,169
24,46,94
56,28,112
68,1,70
76,87,239
42,38,118
8,17,33
11,50,72
35,73,143
10,70,90
48,0,48
63,4,71
81,15,111
80,6,92
53,29,111
6,28,40
21,72,114
41,0,41
43,66,152
49,53,151
14,79,107
2,43,47
92,94,278
32,61,125
29,40,98
45,76,166
88,78,244
67,40,147
26,8,42
84,13,110
100,64,228
37,82,156
78,82,238
6,42,54
84,97,265
15,80,110
79,81,239
48,23,94
21,48,90
3,36,42
22,42,86
52,60,164
46,92,184
100,83,266
95,24,143
19,54,92
89,24,137
80,72,224
41,35,111
84,40,164
100,14,128
54,41,136
68,54,176
15,55,85
81,3,87
55,82,192
72,71,214
66,74,206
5,9,19
87,73,233
5,34,44
84,32,148
7,84,98
48,62,158
90,95,275
61,33,127
33,12,57
28,13,54
50,60,160
60,13,86
30,58,118
6,93,105
45,91,181
70,35,140
76,23,122
91,52,195
24,5,34
66,28,122
78,75,228
58,14,86
65,27,119
99,85,269
2,91,95
15,35,65
38,53,129
95,63,221
54,0,54
63,66,192
19,2,23
32,41,105
30,26,82
33,31,95
51,31,113
52,19,90
97,88,273
78,100,256
4,84,92
91,16,123
76,95,247
56,35,126
78,55,188
73,58,189
79,25,129
73,14,101
98,92,282
67,53,173
48,98,194
54,7,68
2,91,95
44,92,180
95,88,271
41,66,148
79,72,223
84,10,104
5,84,94
71,72,214
93,80,253
59,71,189
64,41,146
2,47,51
68,70,206
23,68,114
85,25,135
65,58,181
51,84,186
87,41,169
94,12,118
90,67,224
57,33,123
42,9,60
2,32,36
97,67,231
76,1,78
47,24,95
71,94,236
4,72,80
75,74,223
77,55,187
14,42,70
80,77,234
89,39,167
97,33,163
65,27,119
48,35,118
87,57,201
41,89,171
81,28,137
91,80,251
90,32,154
56,45,146
57,73,187
26,70,122
33,23,79
100,20,140
73,55,183
37,47,121
10,53,73
28,88,144
16,25,57
19,17,53
74,84,232
68,1,70
18,66,102
12,42,66
65,85,215
81,64,209
27,17,61
97,26,149
59,34,127
41,31,103
4,94,102
60,36,132
99,40,179
28,80,136
75,91,241
28,29,85
23,88,134
21,90,132
60,12,84
82,1,84
95,37,169
82,35,152
40,42,122
42,0,42
9,1,11
90,68,226
6,90,102
82,83,247
22,45,89
73,45,163
34,99,167
35,69,139
1,82,84
17,66,100
57,26,109
78,91,247
100,27,154
1,64,66
29,68,126
7,44,58
64,86,214
5,44,54
73,100,246
74,74,222
98,35,168
5,25,35
68,14,96
39,10,59
15,95,125
60,97,217
61,85,207
80,75,230
93,4,101
84,56,196
32,96,160
59,2,63
30,48,108
68,6,80
18,32,68
69,27,123
74,59,192
54,54,162
6,72,84
54,63,171
80,79,238
19,27,65
51,33,117
18,18,54
33,13,59
86,50,186
16,30,62
43,59,145
40,55,135
69,49,167
54,51,156
28,45,101
76,6,88
14,20,48
5,69,79
71,10,91
77,26,129
39,1,41
7,8,22
66,38,142
30,42,102
95,57,209
85,5,95
26,28,80
84,30,144
49,35,119
45,9,63
62,49,160
72,7,86
81,98,260
24,83,131
56,9,74
87,31,149
23,23,69
33,86,152
73,39,151
96,95,286
69,60,189
50,62,162
75,99,249
65,43,151
39,99,177
90,35,160
30,91,151
62,43,148
77,58,193
83,77,237
40,5,50
62,46,154
75,90,240
74,24,122
75,99,249
42,65,149
19,88,126
82,25,132
27,45,99
54,37,128
91,94,276
86,81,248
68,32,132
98,47,192
33,80,146
71,13,97
13,83,109
98,81,260
27,55,109
93,46,185
14,71,99
71,98,240
80,69,218
95,73,241
50,71,171
2,9,13
33,12,57
7,15,29
83,12,107
15,54,84
93,45,183
33,97,163
68,80,216
75,14,103
56,31,118
17,51,85
63,10,83
70,89,229
51,83,185
73,30,133
29,45,103
86,53,192
100,61,222
3,57,63
46,79,171
11,79,101
12,93,117
41,63,145
54,55,163
8,4,16
76,65,206
93,13,119
28,14,56
31,9,49
70,38,146
66,94,226
91,2,95
77,84,238
5,100,110
21,5,31
65,37,139
86,46,178
73,67,207
68,89,225
51,48,147
99,94,287
91,9,109
13,63,89
30,37,97
47,58,152
78,50,178
30,85,145
3,82,88
9,35,53
52,73,177
68,94,230
2,71,75
97,70,237
26,14,54
90,53,196
79,49,177
17,17,51
1,5,7
37,17,71
88,6,100
62,42,146
93,92,277
30,83,143
80,9,98
43,32,107
38,76,152
1,63,65
81,74,229
25,88,138
28,15,58
60,48,156
96,41,178
30,48,108
24,27,75
33,82,148
10,43,63
64,24,112
8,100,116
61,6,73
54,38,130
87,40,167
85,71,227
1,56,58
12,58,82
11,94,116
57,95,209
100,47,194
3,79,85
29,33,91
2,0,2
10,81,101
78,78,234
7,31,45
57,53,163
96,37,170
51,54,156
84,51,186
92,74,240
25,11,47
27,67,121
31,5,41
59,33,125
66,86,218
38,8,54
23,3,29
65,91,221
94,59,212
74,34,142
0,54,54
38,47,123
47,48,142
15,9,33
92,83,258
27,34,88
81,31,143
74,3,80
15,7,29
54,30,114
75,2,79
63,20,103
16,83,115
41,61,143
31,68,130
19,18,55
55,12,79
52,1,54
67,17,101
23,27,73
60,83,203
37,7,51
23,90,136
19,67,105
43,60,146
22,24,68
97,50,197
90,85,260
2,60,64
93,28,149
25,29,79
63,74,200
79,91,249
20,66,106
9,9,27
44,87,175
69,77,215
84,18,120
60,43,146
78,89,245
7,13,27
58,39,136
1,12,14
99,41,181
48,29,106
100,66,232
30,88,148
18,64,100
59,14,87
82,91,255
87,79,245
71,95,237
59,60,178
54,30,114
18,87,123
13,30,56
28,66,122
36,18,72
53,54,160
81,82,244
97,67,231
63,28,119
66,36,138
18,35,71
79,15,109
78,34,146
32,71,135
89,26,141
96,85,266
76,65,206
54,78,186
71,3,77
64,78,206
12,19,43
52,37,126
51,16,83
94,36,166
64,61,186
32,96,160
99,34,167
3,40,46
12,93,117
39,42,120
80,94,254
59,42,143
55,88,198
22,5,32
13,47,73
4,10,18
71,94,236
17,78,112
52,100,204
64,59,182
36,1,38
47,1,49
63,71,197
36,27,90
66,7,80
5,88,98
68,11,90
63,69,195
78,21,120
19,20,58
17,4,25
33,44,110
1,67,69
27,64,118
28,41,97
39,61,139
30,89,149
47,15,77
30,4,38
22,83,127
18,64,100
8,79,95
63,60,183
99,39,177
99,22,143
24,53,101
78,53,184
5,28,38
64,95,223
98,86,270
50,38,126
80,75,230
59,75,193
39,39,117
75,42,159
13,81,107
29,52,110
68,42,152
24,77,125
82,56,194
72,79,223
47,96,190
8,28,44
87,6,99
44,58,146
49,22,93
48,34,116
75,46,167
68,38,144
63,22,107
25,97,147
34,26,86
50,38,126
30,58,118
37,80,154
89,30,149
91,43,177
36,21,78
77,6,89
82,38,158
31,72,134
44,7,58
68,59,186
6,9,21
83,35,153
20,38,78
92,80,252
46,87,179
46,58,150
6,54,66
19,19,57
85,83,251
39,61,139
29,16,61
39,20,79
27,36,90
17,18,52
50,24,98
58,64,180
89,92,270
49,22,93
28,52,108
44,0,44
81,5,91
62,79,203
37,23,83
84,95,263
27,41,95
87,83,253
65,86,216
79,88,246
60,96,216
27,12,51
41,39,119
54,74,182
2,89,93
26,7,40
36,95,167
63,59,181
62,32,126
40,61,141
74,12,98
42,69,153
81,96,258
97,86,269
4,51,59
73,42,157
98,37,172
30,80,140
16,68,100
57,0,57
79,31,141
92,14,120
25,27,77
33,46,112
82,24,130
60,87,207
56,88,200
13,74,100
6,42,54
41,80,162
9,8,25
97,88,273
20,13,46
12,67,91
2,77,81
10,99,119
76,33,142
8,44,60
53,74,180
76,75,226
47,100,194
42,12,66
39,8,55
76,21,118
6,21,33
66,75,207
1,44,46
96,80,256
66,26,118
69,71,209
61,90,212
5,29,39
61,22,105
69,75,213
1,52,54
26,77,129
55,0,55
53,69,175
7,88,102
43,69,155
34,12,58
92,87,266
45,93,183
54,61,169
68,38,144
26,63,115
20,29,69
47,89,183
36,18,72
32,59,123
73,32,137
55,6,67
10,69,89
10,74,94
24,81,129
30,90,150
65,87,217
34,57,125
41,72,154
68,64,196
53,37,127
17,97,131
81,54,189
22,16,54
93,1,95
75,1,77
94,61,216
60,38,136
25,2,29
47,64,158
85,2,89
5,65,75
25,54,104
62,76,200
10,23,43
83,30,143
70,82,222
39,80,158
5,74,84
93,71,235
7,21,35
98,98,294
96,92,280
36,4,44
5,20,30
14,40,68
6,31,43
95,17,129
57,65,179
70,98,238
60,85,205
63,2,67
36,14,64
51,68,170
17,90,124
18,41,77
71,97,239
15,77,107
74,58,190
56,31,118
19,10,39
43,93,179
68,88,224
83,25,133
42,37,116
26,88,140
4,81,89
2,90,94
43,79,165
76,14,104
21,16,53
41,37,115
25,62,112
36,84,156
19,77,115
88,74,236
75,52,179
75,18,111
3,56,62
18,18,54
45,14,73
67,89,223
97,39,175
28,80,136
21,38,80
12,73,97
97,57,211
40,10,60
2,97,101
89,99,277
62,14,90
93,91,275
96,97,289
21,2,25
90,79,248
29,22,73
71,34,139
98,90,278
21,96,138
74,92,240
30,72,132
47,70,164
41,96,178
6,21,33
32,71,135
40,51,131
58,11,80
29,11,51
56,35,126
93,2,97
53,73,179
40,40,120
27,9,45
11,55,77
30,23,76
50,38,126
36,33,102
83,53,189
0,75,75
54,5,64
19,78,116
62,12,86
51,59,161
67,82,216
93,76,245
18,66,102
98,8,114
22,64,108
76,45,166
41,46,128
37,77,151
59,66,184
82,20,122
30,7,44
32,30,92
87,12,111
95,78,251
83,92,258
49,38,125
7,1,9
74,78,226
40,37,114
91,76,243
25,48,98
84,63,210
4,33,41
20,8,36
60,63,183
50,10,70
11,22,44
65,35,135
40,51,131
34,61,129
98,60,218
35,63,133
50,66,166
5,39,49
62,43,148
4,57,65
2,79,83
26,14,54
77,52,181
22,87,131
20,58,98
80,69,218
42,86,170
60,3,66
4,77,85
46,28,102
59,15,89
63,23,109
62,77,201
67,65,197
8,33,49
76,9,94
15,8,31
72,8,88
88,62,212
59,25,109
47,11,69
14,60,88
71,66,203
64,10,84
58,76,192
66,52,170
86,89,261
90,12,114
30,49,109
50,79,179
100,27,154
97,58,213
71,89,231
69,11,91
82,61,204
82,50,182
39,99,177
98,33,164
77,91,245
61,96,218
16,26,58
53,24,101
95,11,117
57,1,59
83,27,137
96,45,186
10,21,41
83,70,223
37,61,135
20,33,73
42,4,50
93,100,286
54,18,90
3,5,11
64,4,72
90,56,202
94,98,286
88,85,258
85,58,201
11,3,17
90,23,136
58,9,76
45,30,105
40,62,142
52,13,78
0,29,29
5,0,5
80,14,108
59,94,212
14,90,118
28,31,87
94,83,260
42,56,140
9,61,79
2,21,25
1,33,35
32,40,104
48,78,174
86,91,263
14,68,96
47,9,65
79,47,173
66,93,225
30,7,44
67,39,145
2,87,91
69,79,217
24,99,147
73,69,211
61,40,141
33,29,91
52,3,58
28,73,129
91,80,251
98,5,108
1,94,96
36,93,165
63,9,81
54,43,140
2,72,76
88,5,98
88,50,188
38,83,159
25,56,106
89,25,139
23,41,87
4,23,31
85,21,127
81,68,217
69,73,211
47,10,67
43,45,131
51,48,147
86,72,230
25,68,118
43,28,99
32,36,100
100,93,286
62,27,116
30,87,147
60,81,201
5,44,54
14,85,113
6,33,45
54,63,171
14,2,18
69,48,165
40,31,102
95,36,167
96,29,154
27,45,99
64,75,203
27,62,116
19,58,96
73,32,137
39,67,145
93,87,267
55,68,178
75,16,107
52,94,198
45,11,67
15,58,88
5,31,41
71,17,105
30,7,44
40,17,74
78,74,226
57,19,95
25,44,94
90,63,216
41,25,91
78,33,144
87,52,191
17,35,69
45,75,165
60,37,134
67,94,228
71,91,233
14,47,75
77,13,103
5,36,46
47,75,169
15,3,21
13,37,63
54,55,163
41,51,133
23,41,87
68,30,128
65,8,81
88,12,112
45,93,183
67,4,75
11,73,95
67,33,133
33,54,120
57,78,192
85,58,201
60,91,211
76,46,168
5,86,96
56,2,60
14,37,65
38,76,152
18,16,50
100,54,208
82,8,98
27,82,136
34,51,119
19,77,115
30,36,96
84,53,190
34,69,137
50,99,199
80,13,106
22,35,79
35,35,105
38,33,104
2,75,79
63,2,67
51,22,95
53,92,198
21,16,53
98,100,296
30,95,155
87,23,133
65,85,215
0,42,42
27,92,146
70,71,211
91,90,271
41,23,87
32,36,100
84,39,162
21,4,29
89,34,157
90,32,154
6,51,63
47,8,63
20,85,125
12,58,82
90,35,160
79,90,248
99,54,207
62,41,144
22,0,22
94,49,192
40,93,173
99,59,217
37,50,124
70,28,126
97,25,147
82,1,84
94,74,242
52,48,148
49,0,49
58,77,193
40,36,112
43,61,147
99,47,193
18,76,112
59,44,147
87,62,211
20,16,52
1,37,39
74,53,180
16,38,70
61,82,204
46,49,141
46,39,124
90,15,120
71,42,155
33,39,105
98,100,296
24,28,76
20,66,106
22,70,114
78,45,168
20,43,83
30,90,150
70,25,120
96,5,106
32,94,158
3,7,13
55,49,153
29,65,123
21,52,94
69,51,171
81,84,246
39,43,121
10,68,88
15,1,17
36,47,119
97,45,187
6,53,65
32,76,140
48,86,182
64,45,154
39,95,173
11,98,120
44,84,172
42,38,118
32,57,121
8,68,84
5,77,87
20,20,60
100,18,136
12,82,106
30,58,118
96,32,160
94,22,138
43,99,185
24,20,64
29,46,104
17,32,66
71,32,135
59,78,196
80,100,260
48,57,153
7,11,25
45,34,113
35,47,117
0,96,96
83,95,261
16,25,57
7,83,97
2,38,42
52,75,179
99,10,119
66,52,170
2,35,39
29,52,110
54,60,168
93,79,251
95,10,115
90,38,166
81,58,197
59,54,167
84,66,216
53,81,187
28,12,52
67,97,231
24,13,50
83,29,141
37,92,166
69,53,175
43,97,183
13,97,123
39,27,93
74,91,239
52,74,178
29,35,93
93,61,215
56,93,205
11,60,82
100,83,266
2,22,26
6,72,84
76,93,245
4,55,63
81,0,81
56,99,211
81,32,145
5,96,106
33,78,144
12,47,71
60,1,62
6,47,59
53,94,200
7,20,34
90,29,148
88,0,88
39,89,167
16,30,62
93,71,235
12,76,100
37,37,111
63,97,223
24,11,46
66,57,180
44,82,170
36,97,169
75,19,113
30,3,36
75,67,209
74,68,210
63,86,212
29,80,138
87,62,211
53,52,157
8,46,62
27,68,122
90,19,128
53,9,71
2,85,89
98,35,168
16,52,84
31,18,67
80,53,186
22,26,70
83,72,227
2,36,40
67,52,171
57,91,205
21,82,124
38,66,142
70,26,122
64,11,86
59,21,101
5,5,15
0,100,100
83,4,91
70,85,225
3,27,33
89,68,225
84,96,264
54,100,208
9,59,77
54,27,108
74,50,174
7,91,105
77,38,153
72,95,239
20,100,140
81,81,243
30,44,104
54,69,177
18,38,74
42,29,100
24,53,101
57,67,181
21,58,100
41,91,173
4,33,41
76,92,244
60,67,187
14,58,86
32,90,154
30,100,160
33,49,115
75,77,227
22,39,83
32,17,66
8,64,80
90,6,102
93,23,139
30,93,153
43,1,45
66,20,106
90,26,142
9,32,50
84,56,196
68,13,94
87,85,257
8,74,90
57,28,113
87,19,125
77,29,135
51,68,170
9,25,43
94,13,120
64,83,211
27,25,77
30,6,42
58,68,184
2,65,69
5,6,16
5,20,30
69,25,119
93,4,101
49,33,115
3,93,99
28,71,127
46,69,161
40,61,141
2,49,53
48,10,68
72,18,108
94,92,278
69,54,177
38,70,146
99,49,197
13,89,115
20,94,134
91,54,199
8,58,74
54,54,162
13,68,94
58,46,150
20,43,83
68,13,94
52,58,162
3,65,71
57,55,167
30,89,149
58,83,199
12,87,111
44,42,128
28,65,121
23,18,59
44,18,80
59,22,103
73,51,175
87,75,237
55,88,198
19,40,78
21,49,91
55,48,151
76,73,222
75,32,139
84,89,257
50,79,179
68,15,98
18,52,88
45,29,103
82,22,126
84,3,90
13,14,40
75,66,207
2,72,76
68,69,205
44,60,148
86,60,206
21,18,57
85,43,171
52,0,52
78,75,228
93,94,280
95,86,267
90,94,274
6,12,24
65,62,189
55,13,81
57,52,161
30,75,135
4,96,104
61,17,95
94,69,232
5,19,29
62,96,220
96,57,210
53,46,145
87,40,167
45,80,170
93,100,286
65,66,196
25,64,114
14,24,52
75,100,250
39,54,132
3,13,19
82,99,263
67,99,233
26,57,109
7,79,93
15,9,33
82,18,118
97,63,223
35,16,67
25,17,59
52,61,165
89,19,127
94,37,168
99,40,179
21,70,112
27,35,89
86,38,162
42,43,127
64,18,100
7,47,61
15,56,86
23,3,29
94,55,204
13,53,79
11,81,103
91,14,119
14,75,103
42,68,152
37,69,143
85,14,113
66,99,231
98,58,214
91,42,175
5,28,38
69,17,103
38,6,50
88,44,176
30,19,68
84,72,228
89,14,117
42,51,135
33,78,144
65,2,69
24,96,144
93,51,195
58,36,130
100,93,286
92,87,266
35,52,122
75,10,95
51,53,155
3,69,75
81,38,157
73,55,183
72,51,174
48,10,68
43,21,85
58,19,96
88,29,146
33,63,129
91,71,233
15,11,37
14,92,120
52,77,181
26,6,38
17,47,81
60,74,194
33,99,165
33,50,116
29,38,96
62,17,96
21,5,31
44,60,148
86,100,272
77,46,169
36,83,155
36,70,142
89,65,219
8,54,70
93,15,123
4,30,38
16,74,106
74,42,158
92,5,102
12,82,106
53,87,193
35,4,43
24,78,126
33,41,107
40,70,150
1,11,13
0,70,70
88,83,254
69,39,147
39,71,149
5,99,109
46,26,98
82,10,102
65,63,191
97,51,199
16,12,40
39,4,47
97,90,277
82,96,260
63,81,207
14,28,56
50,28,106
12,13,37
34,48,116
18,29,65
82,45,172
7,8,22
3,75,81
53,90,196
20,9,38
83,87,253
32,9,50
100,57,214
63,65,191
33,47,113
70,34,138
32,28,88
41,35,111
93,56,205
43,39,121
32,77,141
51,26,103
24,15,54
27,31,85
32,48,112
41,37,115
19,13,45
88,97,273
9,42,60
34,77,145
13,52,78
49,25,99
27,43,97
52,51,154
34,78,146
35,71,141
45,5,55
80,76,232
45,43,131
67,51,169
43,86,172
29,54,112
72,100,244
27,3,33
33,18,69
10,73,93
22,38,82
16,85,117
32,14,60
53,55,161
67,7,81
64,17,98
89,76,241
77,90,244
16,70,102
15,33,63
48,77,173
95,7,109
92,64,220
45,42,129
16,53,85
96,66,228
97,65,227
60,78,198
0,21,21
56,93,205
47,71,165
22,77,121
61,88,210
55,46,147
38,85,161
63,25,113
36,48,120
77,79,233
79,77,233
72,97,241
22,3,28
68,26,120
69,74,212
37,2,41
3,38,44
33,56,122
73,7,87
21,17,55
82,64,210
36,90,162
68,14,96
6,23,35
56,16,88
88,37,162
34,95,163
27,75,129
73,40,153
15,55,85
65,26,117
1,92,94
48,71,167
80,52,184
24,89,137
94,32,158
25,18,61
48,29,106
58,78,194
86,88,260
57,58,172
37,84,158
24,46,94
24,74,122
32,11,54
37,34,105
27,93,147
78,76,230
58,91,207
31,75,137
29,0,29
8,73,89
5,40,50
50,74,174
38,34,106
87,96,270
86,30,146
43,54,140
5,56,66
100,74,248
56,15,86
3,44,50
67,35,137
57,12,81
88,77,242
70,6,82
21,60,102
4,34,42
4,20,28
37,22,81
91,0,91
5,6,16
75,98,248
96,5,106
51,76,178
33,9,51
29,10,49
16,56,88
81,9,99
49,22,93
7,22,36
96,80,256
91,9,109
2,10,14
18,0,18
75,84,234
11,93,115
33,28,89
27,13,53
33,99,165
12,98,122
98,6,110
25,4,33
100,8,116
96,55,206
79,50,179
29,14,57
87,47,181
22,26,70
70,39,148
58,72,188
17,86,120
65,2,69
18,35,71
32,33,97
82,62,206
12,2,16
89,25,139
54,42,138
91,46,183
45,40,125
86,66,218
59,84,202
59,3,65
2,55,59
70,11,92
50,49,148
85,88,258
47,35,117
3,51,57
0,53,53
64,55,174
41,92,174
61,78,200
6,42,54
17,30,64
73,67,207
28,56,112
94,52,198
10,14,34
75,88,238
54,80,188
67,28,123
97,5,107
51,42,135
13,81,107
2,43,47
40,11,62
50,23,96
72,41,154
43,4,51
60,46,152
0,52,52
82,98,262
80,24,128
99,5,109
59,94,212
42,57,141
29,68,126
58,13,84
76,55,186
16,12,40
93,40,173
89,11,111
14,58,86
31,48,110
57,24,105
49,23,95
59,15,89
89,12,113
17,44,78
7,17,31
25,72,122
18,45,81
0,77,77
65,53,171
68,77,213
69,32,133
35,14,63
13,75,101
63,49,161
63,14,91
43,10,63
23,5,33
80,1,82
33,38,104
19,50,88
75,26,127
3,47,53
42,100,184
80,19,118
45,27,99
2,10,14
98,71,240
84,72,228
33,9,51
72,6,84
67,100,234
67,86,220
59,83,201
21,77,119
92,88,268
55,13,81
16,22,54
1,92,94
37,46,120
95,72,239
70,95,235
100,12,124
37,8,53
28,50,106
21,85,127
65,74,204
34,78,146
55,53,161
52,94,198
83,66,215
87,17,121
84,99,267
3,30,36
68,91,227
40,100,180
28,62,118
37,48,122
20,10,40
39,2,43
30,47,107
63,90,216
42,74,158
89,2,93
74,72,218
75,29,133
58,20,98
74,16,106
65,68,198
4,50,58
95,30,155
23,11,45
71,17,105
100,34,168
20,83,123
25,38,88
58,27,112
69,19,107
10,9,28
13,26,52
0,43,43
55,5,65
45,35,115
71,14,99
36,52,124
50,75,175
29,35,93
33,78,144
46,2,50
54,81,189
92,77,246
28,45,101
8,21,37
97,52,201
80,21,122
49,68,166
47,98,192
28,37,93
21,27,69
55,67,177
59,63,181
31,19,69
63,54,171
89,41,171
25,71,121
15,42,72
24,78,126
97,92,281
67,10,87
7,38,52
31,79,141
95,5,105
80,64,208
5,86,96
43,59,145
24,94,142
99,100,298
14,74,102
60,67,187
81,97,259
49,30,109
20,76,116
86,86,258
61,24,109
48,53,149
16,93,125
47,53,147
58,92,208
89,3,95
28,98,154
88,33,154
79,36,151
80,100,260
57,27,111
29,76,134
33,82,148
39,20,79
11,79,101
69,43,155
64,75,203
79,62,203
90,65,220
45,61,151
42,84,168
54,56,164
57,24,105
7,88,102
13,92,118
1,24,26
11,81,103
71,78,220
71,3,77
85,49,183
47,84,178
39,44,122
50,46,142
25,77,127
66,43,152
5,60,70
36,98,170
30,62,122
56,65,177
63,69,195
9,6,21
64,75,203
92,37,166
34,88,156
78,95,251
80,34,148
69,79,217
57,20,97
48,12,72
33,6,45
50,1,52
79,71,221
26,86,138
88,87,262
13,58,84
76,3,82
4,72,80
58,20,98
34,3,40
78,84,240
69,93,231
78,33,144
87,96,270
8,43,59
23,10,43
79,57,193
78,19,116
79,28,135
94,62,218
18,89,125
51,64,166
44,82,170
87,86,259
31,23,77
81,50,181
48,37,122
5,19,29
25,19,63
94,82,258
98,68,234
84,94,262
55,27,109
76,4,84
56,88,200
11,53,75
16,21,53
70,52,174
64,76,204
5,89,99
41,0,41
91,71,233
58,48,154
68,61,190
76,40,156
27,45,99
52,28,108
84,79,242
19,55,93
27,57,111
25,28,78
60,69,189
65,27,119
58,94,210
99,27,153
6,50,62
67,58,183
12,71,95
80,48,176
79,26,131
23,59,105
26,74,126
96,84,264
25,39,89
36,77,149
4,42,50
41,47,129
70,26,122
33,43,109
98,53,204
95,80,255
86,0,86
37,24,85
14,60,88
39,8,55
27,25,77
76,81,233
39,72,150
96,62,220
19,76,114
69,62,193
35,98,168
58,75,191
18,59,95
44,78,166
30,48,108
78,9,96
25,97,147
34,92,160
45,32,109
100,78,256
31,22,75
92,85,262
60,68,188
7,5,17
42,59,143
20,91,131
41,52,134
75,93,243
22,53,97
80,70,220
28,15,58
22,67,111
62,48,158
4,88,96
47,19,85
69,18,105
97,63,223
47,53,147
48,35,118
66,76,208
18,11,40
78,46,170
6,78,90
28,33,89
19,64,102
63,4,71
89,69,227
83,18,119
93,42,177
98,92,282
4,40,48
33,17,67
5,25,35
97,66,229
67,57,181
42,90,174
71,73,215
6,83,95
79,22,123
69,81,219
70,23,116
47,60,154
98,9,116
80,97,257
45,77,167
82,41,164
42,9,60
18,28,64
8,38,54
80,94,254
28,62,118
6,87,99
28,59,115
83,76,235
18,71,107
94,26,146
27,70,124
7,69,83
49,51,149
27,90,144
35,56,126
21,91,133
61,53,167
38,9,56
17,88,122
5,94,104
68,84,220
30,90,150
95,83,261
78,42,162
29,27,83
89,83,255
83,26,135
12,47,71
8,30,46
13,96,122
3,79,85
26,92,144
22,42,86
74,39,152
22,63,107
58,61,177
33,12,57
91,34,159
49,61,159
80,78,236
9,87,105
59,29,117
88,41,170
94,67,228
60,9,78
18,25,61
77,72,221
78,20,118
69,8,85
8,55,71
52,86,190
43,94,180
5,74,84
48,88,184
10,13,33
93,8,109
24,26,74
4,41,49
14,36,64
98,99,295
59,21,101
54,37,128
21,52,94
74,69,212
65,6,77
54,37,128
26,80,132
24,73,121
0,6,6
61,76,198
19,26,64
23,80,126
53,30,113
23,89,135
22,62,106
2,71,75
44,73,161
38,6,50
38,80,156
27,7,41
0,18,18
72,16,104
45,93,183
33,58,124
68,91,227
0,57,57
62,99,223
29,91,149
1,51,53
18,51,87
7,51,65
84,92,260
19,98,136
32,14,60
89,98,276
57,84,198
52,21,94
17,92,126
39,27,93
35,68,138
100,45,190
86,9,104
14,20,48
25,15,55
21,53,95
67,69,203
81,11,103
43,84,170
93,30,153
5,23,33
3,46,52
15,91,121
72,80,224
